"Typenbezeichnung","count","Hersteller"
"E-70 E4",924,1586
"E-82 E2",629,1586
"E-115",627,1586
"E-101",590,1586
"E-82",561,1586
"V90",497,1660
"V80",387,1660
"SWT-3.6-120",352,1646
"V112",347,1660
"E-40",297,1586
"E-66/18.70",276,1586
"E82",258,1586
"E-53",249,1586
"E-66",246,1586
"E-66/18.70-3",245,1586
"E-92",219,1586
"V126",213,1660
"E40",208,1586
"E-40/6.44",205,1586
"N117",204,1627
"E-70",202,1586
"E-40/5.40",173,1586
"SWT-6.0-154",163,1646
"E-48",152,1586
"3.2M114",150,1645
"N60",147,1627
"E115",146,1586
"V47",142,1660
"MD77",134,2888
"E 82",132,1586
"E 40",131,1586
"V52",127,1660
"E101",126,1586
"E66/18.70",122,1586
"AD5-116",119,1572
"Vestas V90",119,1660
"E 66/18.70",112,1586
"N117/2400",112,1627
"E-66/15.66",109,1586
"Enercon E-70 E4",107,1586
"E-138 EP3 E2",106,1586
"MM92",102,1645
"E-141 EP4",96,1586
"E70 E4",95,1586
"Vestas V112",92,1660
"TW600",91,1654
"MD 77",89,2888
"V136",88,1660
"E82 E2",86,1586
"E70",83,1586
"SWT 3.6 - 120",82,1646
"BARD 5.0",81,1581
"V150",80,1660
"V44",80,1660
"GE 2.5-120",79,1597
"SWT-3.6-120 V3",78,1646
"GE 2.75-120",77,1597
"V-80",76,1660
"6.2M126",74,1645
"E66",74,1586
"NM60/1000",74,1625
"SWT-4.0-130",71,1646
"ADWEN AD5-135",70,1572
"E40/5.40 schalloptimiert",70,1586
"GE 1.5sl",70,1597
"SVT 7.0 154",70,1646
"SWT-3.0-113",70,1646
"TW 600",70,1654
"V 112",70,1660
"E 101",69,1586
"E-58/10.58",68,1586
"Enercon E-82",68,1586
"MM82",68,1645
"V90-2.0MW",67,1660
"D4",66,1584
"MM82",66,2888
"N117/2400",66,1628
"E53",64,1586
"FL MD 77",64,1593
"E 70",63,1586
"E-66 / 18.70",63,1586
"E 40 6.44",62,1586
"E 70 E4",62,1586
"V-112",60,1660
"N117",59,1628
"Siemens 6.0-154 PB-HWRT",59,1646
"V117",59,1660
"E92",56,1586
"MHI Vestas Offshore Wind V164-8.0",56,2929
"NM 60/1000",56,1625
"MM92",55,2888
"V112-3.3",55,1660
"V112-3.0 MW",54,1660
"V66",54,1660
"V90-2.0 MW",54,1660
"Enercon E-70",53,1586
"Enercon E70/71/2000",52,1586
"Nordex N117",52,1627
"E-58",50,1586
"S70",50,1627
"E70E4",49,1586
"3.4M104",48,1645
"6.2M",48,1645
"E-126",48,1586
"D6",47,1584
"NM 82/1500",47,1625
"1.5sl",46,1597
"Enercon E-66/18.70",46,1586
"MD 77",46,1645
"V 126",46,1660
"V 90-2.0",46,1660
"E48",45,1586
"Enercon E-115",45,1586
"E-66/18.70-2",44,1586
"V80 - 2,0 MW",44,1660
"E 40/6.44",43,1586
"E-126 EP3",43,1586
"N100",43,1627
"NM72c/1500",43,1625
"V162",43,1660
"V39",43,1660
"V90-2,0MW",43,1660
"Haliade 150-6MW",42,2554
"1,5sl",41,1597
"E 92",41,1586
"V90 - 2,0 MW",41,1660
"E 53",40,1586
"E70/E4",40,1586
"MM100",40,1645
"E 48",39,1586
"Enercon E82 E2/82/2000",39,1586
"3.2M114 DFIG",38,1645
"3.4M114",38,1645
"E-115 EP3 E3",38,1586
"E44",38,1586
"Enercon E82",38,1586
"GE 1,5sl",38,1597
"N60",38,1628
"N62",38,1627
"SG 8.0-167 DD",38,1646
"E70-E4",37,1586
"NM 1000/60",37,1625
"E-66 18.70",36,1586
"E-82 E2 -2.3MW",36,1586
"GE1.5sL",36,1597
"Enercon E-40",35,1586
"F56",35,1592
"N90",35,1627
"E-126 EP4",34,1586
"NM82",34,1625
"SWT-3.2-113",34,1646
"V-126",34,1660
"Vestas V80/80/2000",34,1660
"DeWind D4-48/48/600",33,1584
"E 40/5.40",33,1586
"Enercon E-101",33,1586
"GE 5.5-158",33,1597
"N43",33,1627
"NM64c/1500",33,1625
"V 90",33,1660
"V-90",33,1660
"V80/2000",33,1660
"3.2 M114",32,1645
"6.2M152 Power Upgrade",32,1645
"E 115",32,1586
"E-66/20.70",32,1586
"E58",32,1586
"MD 77",32,1593
"NM72C",32,1625
"V 126-3.3",32,1660
"V112 - 3,3MW VOB",32,1660
"V164",31,2929
"E-138 EP3",30,1586
"E40/6.44",30,1586
"Enercon E-82 E2",30,1586
"GE 3.2-130",30,1597
"Senvion 3.2M114",30,1645
"V 80",30,1660
"V90 Gridstreamer",30,1660
"E66 1.5",29,1586
"Enercon E-70/20.71",29,1586
"Enercon E82 E2/82/2300",29,1586
"G58",29,1596
"GE 1,5 sl",29,1597
"V80-2.0 MW",29,1660
"Vestas V126",29,1660
"1,5 sl",28,1597
"Enercon E66.18.70/70/1800",28,1586
"N131",28,1627
"NM 52/900",28,1625
"V112-3.0MW",28,1660
"V150-5.6MW",28,1660
"E-70/E4",27,1586
"EasyWind 6 AC",27,1585
"Enron Wind 1.5 s",27,2884
"GE2.75-120",27,1598
"MM 92",27,1645
"N131/3300",27,1627
"Nordex N117/2400",27,1627
"TW600e",27,1654
"E-40/6.44 E2",26,1586
"E-82 2 MW",26,1586
"Enercon E-82/2,3 MW",26,1586
"N 90",26,1627
"TW 600e",26,1654
"1,5s",25,1597
"GE 2,5-120",25,1597
"MD70",25,1645
"MD77",25,1645
"V80 - 2 MW",25,1660
"3.0M122",24,1645
"48/600",24,1645
"E 66 18.70",24,1586
"E-82 E2 TES",24,1586
"E66 18.70",24,1586
"E82-E2",24,1586
"ENERCON E-101",24,1586
"Enercon E-66",24,1586
"GE 5.3-158",24,1597
"Haliade 150-6MW",24,2873
"MM 82",24,2888
"N131/3000",24,1627
"NM48/750",24,1625
"S70",24,1652
"Vestas V112-3.0 MW",24,1660
"E 82 E2",23,1586
"ENERCON E-82",23,1586
"Enercon E-92",23,1586
"FL 1000",23,1593
"GE 1,5 SL",23,1597
"GE 1,5 s",23,1597
"N-117",23,1627
"NM52/900",23,1625
"S 70",23,1627
"S-77",23,1628
"S77",23,1627
"V112 - 3,0MW",23,1660
"V90 2.0 Gridstreamer",23,1660
"Vensys 112",23,1657
"Vestas V112-3MW",23,1660
"E-44",22,1586
"GE 1.5s",22,1597
"GE 1.5sl/77/1500",22,1598
"MD77",22,1593
"NEG Micon NM 82-1,5 MW",22,1625
"NM 72C/1500",22,1625
"NTK 300",22,2891
"S77",22,1652
"V112-3,0MW",22,1660
"V126-3.45",22,1660
"V52 - 850 kW",22,1660
"V66-1650",22,1660
"3.2M 114",21,1645
"AN Bonus 1300",21,1646
"G80",21,1596
"GE 2.3",21,1597
"GEWE 1.5sl",21,1597
"N54",21,1627
"NM82/1500",21,1625
"Südwind S77/77/1500",21,1627
"V90 2,0 MW",21,1660
"V90 MK5",21,1660
"Vestas V126 - 3,3MW",21,1660
"E 66",20,1586
"E-115 E2",20,1586
"E-70 E 4",20,1586
"E-82 E2/2.3MW",20,1586
"Fuhrländer FL MD77",20,1593
"GE1.5sl",20,1597
"MD70",20,2888
"N117/3600/STE",20,1627
"S-70",20,1628
"SWT 2.3-93",20,1646
"V66 RCC",20,1660
"Vestas NM82-1500",20,1625
"Vestas V112/112/3075",20,1660
"1.5 sl",19,1597
"3.2M",19,1645
"E 53-0.81",19,1586
"E53/800-73",19,1586
"E66/20.70",19,1586
"Enercon E66.15.66/66/1500",19,1586
"FL-MD 77",19,1593
"GE 1,5s",19,1597
"GE1.5s",19,1597
"MD 70",19,1645
"MD 70",19,2888
"NM64c-1500",19,1625
"S 77",19,1652
"Senvion 3.2M 114",19,1645
"TW 80",19,1654
"Tacke 600a",19,1597
"Tacke 600e",19,1597
"V 80- 2.0 MW/ Mode 105.1 dB",19,1660
"V-112 3.0",19,1660
"V66  - 1.750",19,1660
"V90MK5",19,1660
"3.2M/114",18,1645
"3.4M 104",18,1645
"DeWind D6",18,1584
"E-147 EP5 E2",18,1586
"E-82 E2 2,3 MW",18,1586
"Enercon E-48",18,1586
"GE 2.5 120",18,1597
"N 60",18,1627
"N117/2400 –CVT/RP-SDL-N",18,1627
"S 70-1.5",18,1627
"V80-2,0MW VCS",18,1660
"Vestas V117/117/3450",18,1660
"1,3 MW/62",17,2889
"1.3MW/62",17,1646
"D6/1000",17,1584
"E-138",17,1586
"E-32",17,1586
"E-66/20.70-3",17,1586
"E40 6.44",17,1586
"E40/5.40",17,1586
"Enercon E-53",17,1586
"Enercon E70/71/2300",17,1586
"GE 1.5sl/77/1500",17,1597
"N 117",17,1627
"N 131",17,1627
"NM 750/48",17,1625
"S 70",17,1652
"TW 1.5s",17,1654
"Tacke TW 1.5s",17,2884
"Vestas V117",17,1660
"eno 82",17,1587
"AN Bonus 62",16,1646
"E-30",16,1586
"E-40 / 5.40",16,1586
"E-40/6.44 E1",16,1586
"E-82 E4",16,1586
"E66-18.70",16,1586
"FL 2500/100",16,1593
"GE - 1,5 s",16,1597
"GE 1,5sl",16,1598
"MM 100",16,1645
"N-90",16,1627
"N117/3600",16,1627
"N131/3300/K08/Delta",16,1627
"N90",16,1628
"Nordex S77",16,1627
"SWT 7.0 154",16,1646
"V-90-2.0MW",16,1660
"V-90/2MW",16,1660
"V112-3.45",16,1660
"V47-660/200",16,1660
"V90/2000",16,1660
"Vensys 77",16,1657
"Vestas V44",16,1660
"Vestas V52",16,1660
"AN Bonus",15,1646
"AN Bonus 1 MW/54",15,2890
"AN Bonus 1MW/54",15,2889
"E-115 TES",15,1586
"E126",15,1586
"FL1000",15,1593
"GE 1.5sl",15,2873
"GE 3.6/137/3630",15,1597
"GE5.3-158",15,1597
"N 131-3.3",15,1627
"NM 72C/1500",15,1660
"NM 82 EVOII",15,1625
"REpower MD 77",15,1645
"REpower MM92",15,2888
"SWT 2.3",15,1646
"V 80-2.0",15,1660
"V-66",15,1660
"V66/1.65MW RCC",15,1660
"V90/2MW",15,1660
"Vestas V 90",15,1660
"WW 750/52",15,1625
"3.4M",14,1645
"3.4M/114 NES",14,1645
"3.4M104 DFIG",14,2888
"3.4M114 NES",14,1645
"AN Bonus 1000/54",14,2889
"AN600",14,1001671
"D4/600",14,1584
"E- 70 E4",14,1586
"E-101 3,05 MW",14,1586
"E-101 3050 kW",14,1586
"E-82E2",14,1586
"E33",14,1586
"E66 / 18.70",14,1586
"ENERCON E-66/18.70-3",14,1586
"Enercon E-126",14,1586
"Enercon E-40/5.40",14,1586
"FL 2500-100",14,1593
"GE 1.5s/70.5/1500",14,1598
"GE 2,75-103",14,1598
"GE 3.6-137",14,1597
"GE Wind Energy 1,5 SL",14,1597
"N100/2500",14,1627
"N100/2500",14,1628
"N131/3300",14,1628
"NM 82",14,1625
"PWE 650/75",14,1630
"V 150",14,1660
"V-52",14,1660
"V112-3.3MW",14,1660
"V126-3.3",14,1660
"V90-2.0 MW OptiSpeed",14,1660
"2.5-120",13,1597
"2.75-120",13,1597
"3,2M114",13,1645
"E 82 E 2",13,1586
"E-101 FT",13,1586
"E-103",13,1586
"E-33",13,1586
"ENRON EW 1,5 s",13,2884
"Enercon E-40/6.44",13,1586
"Enercon E-58",13,1586
"FL MD77",13,1593
"FL2500",13,1593
"GE 2.75",13,1597
"GE 2.75-120",13,2873
"GE- 2.75- 120",13,1597
"Jacobs MD70",13,NULL
"N29",13,1627
"NM900-52",13,1625
"Nordex S70 - 1,5 MW",13,1627
"TW80",13,1654
"V112-3.0",13,1660
"Vestas V90/90/2000",13,1660
"1,3 MW AN",12,2889
"2.3/93",12,1646
"AN 1.3MW/62 h WTC",12,1646
"AN Bonus 1,3 MW/62",12,2890
"AN Bonus 2 MW/76",12,1646
"AN Bonus 2,3 MW/82-VS",12,2889
"AN Bonus 2MW",12,1646
"D6/1250",12,1584
"DeWind D8/80/2000",12,1584
"E-126EP4",12,1586
"E-82/E2/BF/137/24/01",12,1586
"E66 18.70-3",12,1586
"ET 550/41",12,2894
"EW 1.5sl",12,1597
"Enercon E 40",12,1586
"Enercon E-126 EP3",12,1586
"Enercon E115",12,1586
"G90",12,1596
"GE 2,5 - 120",12,1597
"GE5.5-158",12,1597
"N-117/2400",12,1627
"N131 3300",12,1627
"N149/4.0-4.5",12,1627
"N149/4.5",12,1627
"N43/600",12,1627
"NEG Micon NM82",12,1625
"NM 60/1000/70",12,1625
"NTK 600/43/60",12,1625
"RE3.4M104",12,1645
"S46",12,1652
"SWT-3.6.-130",12,1646
"SWT-DD-130",12,1646
"V-112 PM",12,1660
"V126-3.6 MW",12,1660
"V150-5.6",12,1660
"V66-1,65MW",12,1660
"V90 - 2 MW VOB",12,1660
"V90 2.0 MW",12,1660
"V90 2MW",12,1660
"V90-2.0 MW / Mode 105.1 db",12,1660
"Vestas V-117 3,3MW",12,1660
"Wind World 750/52",12,1625
"3,4M104",11,1645
"3.4M122 NES",11,1645
"AN  1,3",11,2889
"AN 1,3 MW/62",11,2889
"AN BONUS 600 kW/44-3",11,2889
"AN Bonus AN 1,3/62",11,2889
"AN-Bonus 2300",11,1646
"BWU 1000/57",11,NULL
"BWU 48/600",11,NULL
"E - 141",11,1586
"E 58",11,1586
"E-141",11,1586
"E-18",11,1586
"E-66/18.66",11,1586
"E-70 E4-3",11,1586
"E-82 E3",11,1586
"E30",11,1586
"ENERCON E-40",11,1586
"Enercon E-138 EP3 E2",11,1586
"Enercon E66",11,1586
"GE Wind Energy 1.5sl",11,1597
"Gamesa G80",11,1596
"MM82",11,2554
"N43",11,1628
"N80",11,1627
"NM 64 C / 1500",11,1625
"NM 72c/ 1500",11,1625
"NM150",11,1660
"NTK 500",11,2891
"S-77",11,1627
"S-77",11,1652
"SWT DD-142",11,1646
"SWT-3.6-130",11,1646
"Südwind S77/1500",11,1652
"V 136",11,1657
"V 47",11,1660
"V 52-850kW / Mode 104,2 dB",11,1660
"V 80 - 2.0MW",11,1660
"V 90-2.0_Grid Streamer",11,1660
"V-112 3.0MW",11,1660
"V112 3MW",11,1660
"V112-3,3MW",11,1660
"V126-3.45MW, NH 149m",11,1660
"V80-2,0",11,1660
"V90 MK8",11,1660
"V90-2MW",11,1660
"eno 92",11,1587
"3.2M114",10,2888
"3.4 M 114 NES",10,1645
"6 AC",10,1585
"AN 1.3MW/62 h WTC",10,2889
"AN 44-3 600KW",10,2889
"AN 450",10,1577
"AN Bonus 1,3 MW/62",10,2889
"AN Bonus 2MW/76",10,1646
"Antaris",10,1582
"E 30",10,1586
"E-160",10,1586
"E-66/70",10,1586
"E66-1870-3",10,1586
"ENERCON E-101-3.0MW",10,1586
"Easy Wind 6 AC",10,1585
"Easywind 6 AC",10,1585
"Enercon E-66/15.66",10,1586
"Enercon E-66/20.70-3",10,1586
"GCI - 15K - W",10,2554
"GE 2,75-120",10,1597
"GE 5.5-158",10,2873
"GE2.5-120",10,1597
"GE2.75-120",10,1597
"M700",10,1625
"MD 77 1500",10,2888
"MD77 NH85",10,2888
"MM92 Evolution",10,2888
"N 100",10,1627
"N 117-2.4",10,1627
"N 149",10,1627
"N 54 Mk3",10,1627
"N117 / 2400 K08 gamma",10,1627
"N117-2,4MW",10,1627
"N149",10,1628
"N27",10,1627
"N27",10,1628
"NM 64C/1500",10,1625
"Nordex N 117",10,1627
"S70",10,1628
"SWT-3,0-113",10,1646
"Tacke 1,5sl",10,1654
"V 44",10,1660
"V 44-600 kW",10,1660
"V-90 (Gridstreamer)",10,1660
"V112",10,2554
"V112-3.3 MW",10,1660
"V117 - MK3A - 3,3 MW",10,1660
"V126 - 3,3 MW",10,1660
"V126-3.3MW",10,1660
"V136-4.2",10,1660
"V162-5.6 MW",10,1660
"V47-660",10,1660
"V66 - 1,65MW RCC",10,1660
"V80 2,0",10,1660
"V80-2,0 MW",10,1660
"V80-2MW",10,1660
"V80-VCS-2.0MW",10,1660
"V90 - 2MW",10,1660
"Vestas V 80 2MW",10,1660
"Vestas V47",10,1660
"Vestas V66",10,1660
"eno 92 - 2.2",10,1587
"eno 92/2200",10,1587
"112",9,1657
"3.2-130-134",9,1597
"AN  1,3",9,1646
"AN BONUS 1,3 MW/62",9,2889
"AN Bonus 1,3 MW/62",9,1646
"AN Bonus 600 kW/44-3",9,2889
"AN Bonus 600kW/44-3",9,2889
"AN Bonus 82",9,1646
"D-62",9,1584
"D8",9,1584
"E 66/20.70",9,1586
"E 70 E 4",9,1586
"E 82 2.0",9,1586
"E-101 FTQ",9,1586
"E-115 FT",9,1586
"E-115/3000",9,1586
"E-138 E2",9,1586
"E-66 20.70",9,1586
"E-82 E2 2,3MW",9,1586
"E-82E2 2,3 MW",9,1586
"E66 18.70-2",9,1586
"E82E2",9,1586
"Enercon 40",9,1586
"Enercon E-92/2,35 MW",9,1586
"F48",9,1592
"GE - 2.5 MW",9,1598
"GE 1.5 sl",9,1597
"GE 5.3-158",9,2873
"GEWE 1.5 sl",9,2554
"HSW 1000/57",9,1645
"K110",9,1610
"M1500",9,1625
"MD 70",9,1593
"MD77/1.5 MW",9,2888
"MM 82",9,1645
"N-117 2.4",9,1627
"N-60",9,1627
"N100",9,1628
"N149/5.X TCS 164",9,1628
"NM72 / 1500",9,1625
"Nordex Delta 4000 N149",9,1627
"Nordex N-54 (M)",9,1627
"Nordex N100/99.8/2500",9,1627
"Nordex N131",9,1627
"PWE650",9,1631
"S 70-1.5",9,1652
"SWT 3.0-113",9,1646
"Südwind S-77",9,1628
"TW 600a",9,1654
"TW600a",9,1654
"Tacke TW 1.5s",9,1597
"Tacke TW 600",9,1654
"V 52",9,1660
"V 90 MK5",9,1660
"V112 3.3/3.45 MW",9,1660
"V112 3.45",9,1660
"V112-3,3 MW",9,1660
"V126-3,3 MW",9,1660
"V80 2 MW MK3",9,1660
"V80 VCS",9,1660
"VT110",9,1642
"Vestas V150",9,1660
"Vestas V90 2,00 MW",9,1660
"Vestas V90 Gridstreamer 2MW",9,1660
"WE 1.5sl",9,1597
"ww52/750",9,2554
"1 MW/54",8,2889
"3.0 M122",8,1645
"3.2M 122 NES",8,1645
"3.2M122 NES",8,1645
"48/600",8,2886
"77 1,5",8,2873
"AN 1,3",8,1646
"AN BONUS 600kW 44-3",8,2889
"AN Bonus",8,2889
"AN Bonus 1,3MW/62",8,1646
"AN1000/54",8,1646
"AN62 1,3h",8,2889
"E 40 5.40",8,1586
"E 44",8,1586
"E 66-1.8-70",8,1586
"E 70 (wistec)",8,1586
"E 82 2.3",8,1586
"E 82 E2 TES",8,1586
"E-160 EP5 E3",8,1586
"E-40 6.44",8,1586
"E-66/18.70 (1,8MW)",8,1586
"E-70 E4 2.000",8,1586
"E-70/4 (2MW)",8,1586
"E-82 E2 2000 kW",8,1586
"E-82/E2",8,1586
"E-82E2 2,3MW",8,1586
"E18",8,1586
"E66/18.70b",8,1586
"E82 E1",8,1586
"E82E2-2,3 MW",8,1586
"ENERCON E-82 E2",8,1586
"Enercon E 101",8,1586
"Enercon E-160 EP 5",8,1586
"Enercon E-70/23.70 E4",8,1586
"Enercon E82 E2",8,1586
"Enron Wind 1,5sl",8,1597
"G 58",8,1596
"GE - 1,5 sl",8,1654
"GE 1,5 sl",8,1598
"GE 1,5 sl",8,2884
"GE 2.5xl/100/2500",8,1597
"GE 2.75 120",8,1597
"GE-70-1,5",8,1597
"GE3.6-137",8,1597
"GEWE 1,5sl",8,1597
"JE 48 / 600",8,2885
"JE48/600",8,2554
"Jacobs MD 70",8,NULL
"LW750",8,1614
"N 80",8,1627
"N100/3300",8,1627
"N100/99.8/2500",8,1627
"N117-2,4 MW",8,1627
"N117/2400 NH 140",8,1627
"N117/2400 PH141",8,1627
"N117/3000",8,1627
"NM 600/48",8,1625
"NM 64c/1500",8,1625
"Nordex Delta4000TS105",8,1627
"Nordex N117",8,1628
"S-70",8,1652
"V 136",8,1660
"V-136",8,1660
"V112-3.0 MW (mit Stahlrohr-Turm)",8,1660
"V126/3450",8,1660
"V136 4.2MW",8,1660
"V150-4.2 MW",8,1660
"V44-600kW",8,1660
"V52/850",8,1660
"V66/1650",8,1660
"V80 - 2.0 MW/ Mode 104 dB",8,1660
"V90 - 2.0MW",8,1660
"V90 - 2MW VOC II",8,1660
"Vestas 112",8,1660
"Vestas V112 3.0 MW",8,1660
"Vestas V80-2.0MW",8,1660
"eno 100",8,1587
"eno 114",8,1587
"eno 82 2.0",8,1587
"ww52/750",8,2892
"1.5sl",7,2884
"1000/57",7,2887
"3.4 M122 NES",7,1645
"AN BONUS 2 MW/76",7,2889
"AN Bonus 2 MW",7,1646
"AN Bonus A 62 / 1300",7,2890
"AN1,3MW/62",7,2889
"BWU 48/600",7,2886
"D-6",7,1584
"DeWind D4",7,1584
"E 66 / 18.70",7,1586
"E 66/18.7",7,1586
"E-53 800 kW",7,1586
"E40 5.40",7,1586
"E40-6.44",7,1586
"E40/6.44-600KW",7,1586
"E66/ 15.66",7,1586
"ENERCON E-53",7,1586
"Enercon E 82",7,1586
"Enercon E-66/18.70 1,8 MW",7,1586
"Enercon-40/6.44",7,1586
"Enron Wind 1,5sl",7,2884
"F56/850",7,1592
"GE 1,5 SL",7,1598
"GE 1.5",7,2873
"GE 1.5s/70.5/1500",7,1597
"GE 120",7,1597
"GE 2,75 - 120",7,1597
"GE 2.3/94/2300",7,1597
"GE 2.75-120",7,1598
"GEWE 1.5 sl (entspricht ENRON Wind 1.5sl)",7,1597
"Gamesa G58",7,1596
"LA30",7,1615
"LW 50/750",7,1614
"M1500-600",7,1625
"MD 70",7,2885
"Micon M 1500",7,1625
"N-80",7,1627
"N100 / 2500 IEC3A",7,1627
"N117 / 3600 / TCS141",7,1627
"N131/3600",7,1627
"N133/4.8",7,1627
"N149",7,1627
"NM 48/600",7,1625
"NM1500",7,1625
"NM900/52",7,1625
"NTK 500",7,1625
"Nordex N117/2400-CVT/RP-SDL-N",7,1627
"Nordex N149/4.0-4.5 Delta4000",7,1627
"Nordex N62",7,1627
"REpower 3.2M114",7,1645
"REpower MD77",7,1645
"S 77",7,1627
"S77",7,1628
"SWT-2.3-93",7,1646
"Seewind 20/110",7,1644
"Siemens Gamesa G114 2,0 MW IIA",7,1596
"Siemens SWT 2,3-93",7,1646
"TW 1,5s",7,1654
"V 136-3.6 MW",7,1660
"V 47-660/200 KW",7,1660
"V-150",7,1660
"V-162-5.6 MW",7,1660
"V112 - 3,3MW",7,1660
"V112 3.0MW",7,1660
"V112-3.0 MW (Nabenhöhe 140 m)",7,1660
"V126-3.3-137 mit Power Mode auf 3.45MW",7,1660
"V126-3.3/3.45 MW",7,1660
"V136-3,45 MW STE",7,1660
"V136-3,45MW",7,1660
"V162-5.4MW",7,1660
"V162-5.6/6.0MW",7,1660
"V25",7,1660
"V47-660kW",7,1660
"V52VCS",7,1660
"V66 - 1650",7,1660
"V80 - 2,0 MW / Mode 105.1 dB",7,1660
"V80-2.0",7,1660
"V80-2.0MW",7,1660
"V82",7,1660
"V90 2.0",7,1660
"Vensys 82",7,1657
"Vestas V112-3.3",7,1660
"Vestas V112/3.0",7,1660
"Vestas V136",7,1660
"Vestas V80",7,1660
"Vestas V90 - 2 MW Grid Streamer",7,1660
"Vestas V90 - 2,0 MW",7,1660
"Vestas V90 2.0 Gridstreamer(MK8)",7,1660
"WESpe 5.0",7,2554
"e.n.o. 82",7,1587
"1,3MW",6,2554
"1.5 SL",6,1597
"3.0M 122",6,1645
"3.2-130",6,1597
"3.4 M 114",6,1645
"3.4M 114 DFIG",6,1645
"3.4M128-104",6,1645
"AN BONUS 1,3 MW/62",6,1646
"AN BONUS 1,3MW / 62",6,2889
"AN Bonus 1,3",6,1646
"AN Bonus 1000",6,2889
"AN Bonus 1300/62",6,2889
"AN Bonus 2MW/76",6,2889
"AN Bonus 450",6,1577
"Aircon 10 S",6,2554
"Antaris 7,5",6,1582
"Areva Wind M5000",6,1578
"DeWind 62",6,1584
"Dewind D4",6,1584
"E - 44",6,1586
"E 70 E4-2",6,1586
"E 82 - E2",6,1586
"E 82-2.05",6,1586
"E-101-3.050",6,1586
"E-112",6,1586
"E-115- 3,0 MW",6,1586
"E-126-EP 4",6,1586
"E-40 / 6.44",6,1586
"E-40/6.44 E3",6,1586
"E-66/15.70",6,1586
"E-82 E1",6,1586
"E-82 E1 2 MW",6,1586
"E-82 E1 2,0 MW",6,1586
"E-82 E2 FTQ",6,1586
"E138",6,1586
"E40/ 6.44 E3",6,1586
"E40/6.44 E1",6,1586
"EAZ Zwölf",6,2554
"ENERCON E-138 EP3 E2",6,1586
"ENERCON E-66",6,1586
"ENERCON E-70",6,1586
"ENERCON E-70 E4",6,1586
"ENERCON E-70 E4 2.0MW",6,1586
"EasyWind 6AC",6,1585
"Enercon E 53",6,1586
"Enercon E-101 FT",6,1586
"Enercon E-44",6,1586
"Enercon E-58/10.58",6,1586
"Enercon E-70 E4 2,3 MW",6,1586
"Enercon E40",6,1586
"Enercon E40.6.44/44/600",6,1586
"Enercon E40/5.40",6,1586
"Enercon E70 E4",6,1586
"Enercon E82-E2",6,1586
"FL-MD 70",6,1593
"G 80",6,1596
"G97",6,1596
"GE 2.5/120/2530",6,1598
"GE 3.2-130",6,2873
"GE B1500",6,1597
"GE5.5-158",6,2873
"GEWE 1.5sl",6,2884
"HSW 1000",6,2887
"HSW 1000/57",6,2887
"K100",6,1610
"K110E",6,1610
"M1500 500/125",6,1625
"M1800 600/150",6,1625
"MM82 NH100",6,2888
"N 90-2.5",6,1627
"N117/3600 STE",6,1628
"N131",6,1628
"N131 3,6 MW NH 99m",6,1628
"N131/3000 PH134",6,1627
"NM 72",6,1660
"NM 82 / 1500",6,1625
"NM 82/1500 WZ II",6,1625
"NTK 300/31",6,2554
"NTK500",6,2891
"Nordex - N149/4500 TCS 164",6,1628
"Nordex N-149/4.0-4.5 STE",6,1628
"Nordex N117/116.8/2400",6,1627
"Nordex N27",6,1628
"Nordex N29",6,1628
"REpower 3.4M 104",6,1645
"REpower MM82",6,2888
"Repower 3.4M104",6,1645
"SG6.0-170-6.200",6,1646
"Senvion (REpower) 3.XM",6,1645
"Senvion 3.4M104",6,1645
"V 112 / 3,0 MW / 50 Hz",6,1660
"V 90 Gridstreamer",6,1660
"V126 - 3.3 MW",6,1660
"V126-3.45 MW",6,1660
"V136-3,6MW NH149m",6,1660
"V136-3.45",6,1660
"V136-3.45/3.6",6,1660
"V136-3.6",6,1660
"V150-4,0/4,2 MW",6,1660
"V150-4.0/4.2 MW",6,1660
"V162-5.6MW NH 166",6,1660
"V27",6,1660
"V42",6,1660
"V80 (MK 1)",6,1660
"V80 2 MW",6,1660
"V90-2,0 MW",6,1660
"Vestas V 47 - 660/200 kW",6,1660
"Vestas V-47",6,1660
"Vestas V-80",6,1660
"Vestas V-90",6,1660
"Vestas V126 3.3 MW",6,1660
"Vestas V136 (3,6 MW)",6,1660
"Vestas V136 4,2MW",6,1660
"Vestas V90 VCS 2.0 MW",6,1660
"ww 750/52",6,1625
"1,3MW/62",5,2889
"3.XM",5,1645
"3XM 104",5,1645
"48/750",5,2886
"5M",5,2888
"6AC",5,1585
"AN 1,3 MW / 62 geregelte K.",5,1577
"AN 1.0MW/54",5,2889
"AN 2.0 MW/76",5,1646
"AN Bonus 1MW/54",5,1577
"AN Bonus 62",5,2889
"AN-Bonus 450/35",5,1577
"AN76 2,0",5,2889
"D6/62-1000",5,1584
"DeWind 48",5,1584
"DeWind D6/64",5,1584
"E 115 TES-3MW",5,1586
"E 126",5,1586
"E 82 E 2-2.3MW",5,1586
"E- 115 3,0 MW",5,1586
"E-101 / 3,05 MW",5,1586
"E-101 3.0 MW",5,1586
"E-103 EP2",5,1586
"E-126 EP3 4,0 MW",5,1586
"E-30/3.30",5,1586
"E-40 / 6",5,1586
"E-40/ 6.44",5,1586
"E-53 800kW",5,1586
"E-66/18-70",5,1586
"E-70-E4",5,1586
"E-701 E4",5,1586
"E-82 E-2",5,1586
"E-82 E2 2.3 MW",5,1586
"E-82 E4 TES",5,1586
"E-82-E2",5,1586
"E-92 2.35MW",5,1586
"E-92 FACS 2.0",5,1586
"E101 FT/FTS",5,1586
"E138 EP2 E2",5,1586
"E17",5,1586
"E40/500",5,1586
"E40/6.44-78NH",5,1586
"E40/600",5,1586
"E58/10.58",5,1586
"E66/15.66",5,1586
"E661870",5,1586
"E82 E4",5,1586
"EAZ-Zwölf",5,2554
"ENERCON E-40/6.44",5,1586
"EW 1,5 sl",5,1597
"Enercon E-126 EP3 MST",5,1586
"Enercon E101",5,1586
"Enercon E53/52.9/800",5,1586
"Enercon E53/800-73",5,1586
"Enercon-66/18.70",5,1586
"FWT 2500",5,1595
"G 97",5,1596
"G80 DA 2MW",5,1596
"GE 1,5",5,1597
"GE 1,5",5,2873
"GE 1,5s",5,2884
"GE 1,5s / 1,5 MW",5,1597
"GE 1.5s",5,1598
"GE 2,5-120",5,2873
"GE 2.5 - 120",5,1597
"GE 2.5xl/100/2500",5,1598
"GE 2.75-103",5,1597
"GE 2.85 - 103",5,1597
"GE 3.2 - 130",5,1597
"GE Wind 1.5s",5,1597
"GE Wind 2.75",5,1597
"GE120-2.75MW",5,1598
"GE2.5",5,1597
"GEWE 1,5sl",5,1598
"HSW1000",5,2887
"MM-92",5,2888
"MM70",5,2888
"MM92 Evolution",5,1645
"MM92 NH100",5,2888
"Micon (MITA WP30000), 1,00MW, 70m",5,1625
"N 149 5.X",5,1627
"N-117 2.4 MW",5,1627
"N117/3.6",5,1628
"N149/4.0-4.5",5,1628
"N149/4.0-4.5 TS125-01",5,1627
"N149/4500",5,1628
"N149/5.X Delta4000",5,1627
"N90/2500 LS",5,1628
"NEG Micon NM 52 / 900",5,1625
"NEG Micon NM 82-1500",5,1625
"NM 1800-600",5,1625
"NM 60-1000",5,1625
"NM 72",5,1625
"NM 72-1.5",5,1625
"NM1500C/64",5,1625
"NM60",5,1625
"NM64C/1500",5,1625
"NM82-1500",5,1625
"NTK 1500-64",5,2891
"Nordex N-43",5,1628
"Nordex N-80 R60",5,1627
"Nordex N100/2500",5,1627
"Nordex N117 2400kW PH141",5,1627
"Nordex N117/ 2400",5,1627
"Nordex N117/2400 PH141",5,1627
"Nordex N117/2400-SEG-SDL-N",5,1627
"Nordex N131 3.3",5,1628
"Nordex N149-5,7 MW STE",5,1628
"REpower MD92",5,1645
"Repower 3.4M104",5,2888
"Repower MD77, 1,5 MW",5,1645
"S77 / 1500 kW",5,1627
"SG 6.6-155",5,1646
"SL 1,5",5,1597
"SWT 3.0 113",5,1646
"SWT DD 142",5,1646
"SWT-2.3-DD-113",5,1646
"SWT-3.0113/92,5",5,1646
"SWT-DD-142",5,1646
"Senvion 3.2M",5,1645
"Senvion MM82",5,1645
"Siemens SWT 3,6-107",5,1646
"SkyWind NG",5,2902
"TN535",5,1655
"TW300",5,1654
"Tacke TW 500",5,1654
"Tacke TW 600",5,2884
"V 112 3,3 MW",5,1660
"V 126-3.6 MW",5,1660
"V 39",5,1660
"V 42",5,1660
"V 44-600kW",5,1660
"V-126",5,1657
"V-126 3,3/3,45",5,1660
"V-126 3.3 MW",5,1660
"V-126-3,45",5,1660
"V112 - 3,3 MW",5,1660
"V112 - 3.0 MW",5,1660
"V112-3MW",5,1660
"V117-3.3/3.45 MW BWC",5,1660
"V117-3.3/3.45MWBWC",5,1660
"V126 3,45",5,1660
"V126 3.45MW",5,1660
"V150 4.2MW NH 125m",5,1660
"V52-850kW",5,1660
"V66-1,65 MW Opti Speed",5,2554
"V66-1750",5,1660
"V77",5,1657
"V80 Optispeed",5,1660
"V80 VCS 2,0",5,1660
"V90 2 MW",5,1660
"V90-VCS-2.0MW-690V",5,1660
"VE 112",5,1657
"VENSYS 77",5,1657
"Vensys 100",5,1657
"Vestas V150-4.2MW",5,1660
"Vestas V150-5,6 MW, 166m NH",5,1660
"Vestas V162",5,1660
"Vestas V44/600",5,1660
"Vestas V52 VCS",5,1660
"Vestas V66 1,65 MW",5,1660
"Vestas V80 - 2,0 MW",5,1660
"Vestas V80 - 2,0 MW VCS",5,1660
"Vestas V90 2MW",5,1660
"Vestas V90 Gridstreamer",5,1660
"Vestas V90-2.0MW",5,1660
"WindWorld 4200",5,2554
"eno 114-3.5",5,1587
"eno114 3,5 MW",5,1587
"eno126",5,1587
"1,3MW",4,2889
"1,5 sl",4,2873
"1.3MW/62",4,1577
"120-3000",4,1657
"2,3",4,1597
"2.85-103",4,2873
"3,4 M 104",4,1645
"3.2-130-110",4,1597
"3.4-137",4,1597
"3.4M 114",4,1645
"3.4M-104",4,2888
"3.4M114 NH143",4,1645
"600/44-3",4,1646
"600kW/44-3",4,1646
"600kw/44 MK 3",4,2889
"A3000",4,1575
"AN 150/30",4,1577
"AN 2,0 2MW/ 76 WTC",4,1646
"AN BONUS 1,3 MW / 62",4,1646
"AN BONUS 2,3 MW/82",4,2889
"AN Bonus 1,3 MW/62",4,2554
"AN Bonus 1000/54",4,1001671
"AN Bonus 2,0 MW/76",4,2889
"AN Bonus 600kW/44-2",4,1577
"AN-Bonus-600-44",4,1577
"Aircon 10",4,1615
"Aircon 10S",4,1615
"Antaris 3,5",4,1582
"Astos 100",4,1593
"B1500 csl",4,1597
"Bonus 600/44",4,2890
"Bonus AN 1,3 MW/68",4,1646
"D 4",4,1584
"D-4",4,1584
"D4 48/600",4,1584
"D4-600",4,1584
"E 115 EP3",4,1586
"E 160 EP5 E1",4,1586
"E 53 800 kW",4,1586
"E 58/10.58",4,1586
"E 66 20.70",4,1586
"E-40 /6.44/ E2",4,1586
"E-40/05.40",4,1586
"E-40/500 kW",4,1586
"E-40/6 - 600KW",4,1586
"E-48 800",4,1586
"E-66/18.7",4,1586
"E-70 E4 - 3",4,1586
"E-70 E4 2.3",4,1586
"E-70 E4 FT",4,1586
"E-70, E4",4,1586
"E-82 2.3 MW",4,1586
"E-82 E 2",4,1586
"E-82 E2-2.3MW",4,1586
"E-82E2/2.3MW",4,1586
"E-92 2,35 MW",4,1586
"E-92 2,35MW",4,1586
"E-92 E2",4,1586
"E115 EP3 E3",4,1586
"E32",4,1586
"E40-500kW",4,1586
"E44/6",4,1586
"E44/600 kW",4,1586
"E58 10.58",4,1586
"E66/18.70-2",4,1586
"E82 E2/BF/107/23/01",4,1586
"E82-FT",4,1586
"ENERCON E 115 EP2",4,1586
"Enercon E 82/E2",4,1586
"Enercon E-115 EP3 E3",4,1586
"Enercon E-115 FT",4,1586
"Enercon E-115/BF/147/31/02",4,1586
"Enercon E-17 80 kW",4,1586
"Enercon E-66 / 18.70",4,1586
"Enercon E-82 E2 2,3",4,1586
"Enercon E138  EP3 E2",4,1586
"Enercon E138 EP3 E2/138.2",4,1586
"Enercon E141 EP4/141/4200",4,1586
"Enercon E40/6.44",4,1586
"Enercon E48",4,1586
"Enercon E92/92/2350",4,1586
"Enron TW 1.5 SL",4,2884
"FL 77",4,1593
"FRISIA 48/750 kW",4,1592
"Frisia F56",4,1592
"G-52",4,1596
"G-58",4,1596
"G128 4,5 MW",4,1596
"GE - 2.5 MW",4,1597
"GE - 2.75 MW, 139m",4,1598
"GE 1,5 SL",4,2873
"GE 1.5 sl",4,1598
"GE 2.5-120",4,2873
"GE 2.75-120 Hybridturm 139m",4,1597
"GE 2.75-120/120/2780",4,1598
"GE Wind 2.75-120",4,1597
"GE Wind Energy 1,5 sL",4,1597
"GE Wind Energy 1,5S",4,2873
"GE-1,5sl",4,1597
"GE1.5s",4,2554
"GE2.3/94",4,1597
"GET 41",4,2554
"GEWE K600",4,1654
"Ge 2,75-120, NL von je 2,78 MW",4,1597
"HSW 1000/57",4,NULL
"M1500-600/150",4,1625
"MD 70",4,2886
"MD70",4,1593
"MM 82",4,2554
"N 117",4,1628
"N 131",4,1628
"N 149/ 4.500",4,1627
"N-117",4,1628
"N-117 Gamma",4,1627
"N-54",4,1628
"N117/3,0MW auf 141 m NH",4,1627
"N117/3000",4,1628
"N117/3000 Delta",4,1627
"N117/3600 Delta",4,1628
"N117/3600 STE",4,1627
"N131 /3,0 MW",4,1627
"N131-3000",4,1627
"N131/3600 IEC S",4,1627
"N133/4.8 STE",4,1627
"N133/4800 STE",4,1627
"N29/250 G50",4,1628
"N62/1300",4,1627
"NEG Micon 900 kW",4,1625
"NEG Micon NM 48/750",4,1625
"NM 1000-250/60",4,1625
"NM 60",4,1625
"NM 64c / 1500",4,1625
"NM 82 - 1,5 MW-93,6 mNH",4,1625
"NM1500/72c",4,1625
"NM48/600",4,1625
"NM60-1000",4,1625
"NM600/48",4,1625
"NM72c/2000",4,1625
"NTK 300/31",4,2891
"NTK 500/41",4,2891
"NTK 600-180/43",4,2891
"NTK600",4,1625
"NX 117-3.0",4,1627
"Nordex N-117",4,1627
"Nordex N117/2.4",4,1627
"Nordex N117/2400-CVT/RP-SDL-N",4,1628
"Nordex N117/3600",4,1627
"Nordex N131/3600 TS99",4,1628
"Nordex N149-5.7 MW",4,1627
"Nordex N149/4.0-4.5",4,1627
"Nordex N29 - 250 kW",4,1627
"Nordex N43",4,1627
"Nordex N60",4,1627
"REpower 5M",4,2888
"Repower MM 92 Evolution",4,1645
"S-70",4,1627
"SE 3.4M 104",4,1645
"SWT-2.3MW-113 DD",4,1646
"SWT-3.0-101",4,1646
"Senvion 3.2 MW",4,1645
"Senvion MD 77-1500 KW",4,1645
"Senvion MM 100",4,1645
"Senvion MM92",4,1645
"Skywind NG",4,2902
"Südwind S70",4,1652
"TW 1,5 s",4,1597
"TW 1.5",4,1654
"TW 500",4,1654
"Tacke TW 250",4,1654
"Tacke TW 600a",4,1654
"V 47-660/200 kW",4,1660
"V 82",4,1660
"V-112 3.3",4,1660
"V-112 NH 140",4,1660
"V-39",4,1660
"V-44",4,1660
"V-47-660kW",4,1660
"V-82",4,1660
"V-90 2.0 MW",4,1660
"V100",4,1660
"V112 3,3 MW",4,1660
"V112-3.3MW MK2C",4,1660
"V112-3.45 MW (mit Stahlrohrturm)",4,1660
"V120",4,1657
"V126-3,45 MW",4,1660
"V126-3.3 MW",4,1660
"V126-3.3/3.45 MW BWC",4,1660
"V126-3.45MW",4,1660
"V136 3,6",4,1660
"V136 4,2",4,1660
"V136, 4,2 MW, 112m NH",4,1660
"V136-4,2",4,1660
"V136-4.0/4.2MW STE",4,1660
"V150 4.2MW NH 145m",4,1660
"V150-4,2 MW",4,1660
"V150-4.0/4.2",4,1660
"V150-4.2",4,1660
"V150-4.2MW",4,1660
"V150-5.6 MW",4,1660
"V162-5.6",4,1660
"V162-5.6/6.0 MW STE",4,1660
"V162-6.0MW",4,1660
"V27-225 KW",4,1660
"V39/500",4,1660
"V44-600",4,1660
"V44-600 kW",4,1660
"V47 76mNH",4,1660
"V47/660",4,1660
"V52 850kW",4,1660
"V52-850 kW",4,1660
"V52-850 kW VCS auf Rohrturm",4,1660
"V66-1.65",4,1660
"V90 2MW MK3",4,1660
"V90 MK8 Gridstreamer [125m]",4,1660
"V90-2MW Gridstreamer",4,1660
"V90-3.0MW",4,1660
"V90-Mk3",4,1660
"V90-VCS-2.0MW-50Hz",4,1660
"V90/2,0 MW",4,1660
"VENSYS 100",4,1657
"VS112",4,1657
"Vensys 115-4,1 MW",4,1657
"Vestas V 112",4,1660
"Vestas V 90 MK8",4,1660
"Vestas V-150-4.2MW",4,1660
"Vestas V112 3,3 MW",4,1660
"Vestas V112/112/3300",4,1660
"Vestas V117 3.3 MW",4,1660
"Vestas V126 - 3,3 MW",4,1660
"Vestas V126 - 3,45MW",4,1660
"Vestas V136/136/3600",4,1660
"Vestas V90  (MK5)",4,1660
"W-4200 / 600 kW",4,2892
"Wind 1,5s - 65m NH",4,1654
"Wind World",4,2892
"Windspot 3.5",4,2876
"e.n.o. 92",4,1587
"eno114 - 4,0MW",4,1587
"eno126 - 4,0 MW",4,1587
"eno126 - 4,0MW",4,1587
"1,3MW",3,1577
"1,5",3,1654
"1,5 sl",3,2884
"1.0MW",3,2554
"1.0MW/54",3,1577
"1MW/54",3,2889
"20/110",3,1644
"3,2 M",3,1645
"3,4M114",3,1645
"3.2 M",3,1645
"3.2M114 VG",3,1645
"3.2M114/3.2MW/143",3,1645
"3.2M114NES NH93",3,1645
"3.2XM 122NES",3,1645
"3.2XM-NES",3,1645
"3.4 M114",3,1645
"3.4M104 DFIG",3,1645
"3.6M140 EBC",3,1645
"43/600",3,1645
"43/600",3,2885
"5M",3,1645
"6 M",3,1645
"600 kW/41",3,1577
"600/41",3,NULL
"750/48",3,1625
"77/1500",3,1657
"AN 1,3 MW",3,2889
"AN 1.3MW/62 h WTC",3,2890
"AN BONUS 1 MW/54",3,2889
"AN BONUS 1,0 MW/54",3,2889
"AN Bonus 2.0 MW 76",3,1577
"AN Bonus 2300",3,1646
"AN Bonus 600KW/44",3,1577
"AN Bonus 600kW/41",3,2889
"AN Bonus 62",3,2890
"AN-Bonus 1,3 MW/62",3,2889
"AN-Bonus 450/37",3,1646
"AN1300",3,1646
"ANBONUS1,3MW/62",3,2890
"Aircon 30",3,1615
"Antaris 2,5 kW",3,1582
"Antaris 6,5",3,1582
"BTPS 6500",3,1602
"BWU 48/600",3,1645
"Black 600",3,2554
"D 48",3,1584
"D wind D4",3,1584
"D4-48/48/600",3,1584
"D6 1,0 MW",3,1584
"D6 1250 kW",3,1584
"DeWind D6-1000/62/1000",3,1584
"Delta 4000 N149",3,1627
"E - 126",3,1586
"E 138 EP3 E2",3,1586
"E 40 / 5.40",3,1586
"E 40 500kW",3,1586
"E 40-6.44",3,1586
"E 53 (wistec)",3,1586
"E 66 15.66",3,1586
"E 70 / E4",3,1586
"E 82-E2",3,1586
"E-101 3 MW",3,1586
"E-115 EP E3",3,1586
"E-115 TES 3MW",3,1586
"E-115 mit TES",3,1586
"E-160 EP5 E1",3,1586
"E-40 (0,5MW)",3,1586
"E-40 5.40",3,1586
"E-40/5",3,1586
"E-40/6",3,1586
"E-53/S/72/3K/03",3,1586
"E-66 / 20.70",3,1586
"E-70 (2,3MW)",3,1586
"E-70 E4",3,2554
"E-70 E4 - 2.3MW",3,1586
"E-70 E4 FT 02",3,1586
"E-70-4",3,1586
"E-70E4",3,1586
"E-82 E2 - 2.3MW",3,1586
"E-82 E2 2.3MW",3,1586
"E-82 TQ 02",3,1586
"E-82/E2 TES",3,1586
"E112",3,1586
"E115 EP3 E3/4200kW TES",3,1586
"E141 EP4",3,1586
"E147 EP5 E2",3,1586
"E40  6.44",3,1586
"E40-500",3,1586
"E40-600",3,1586
"E44.6",3,1586
"E66 15.66",3,1586
"E70/4",3,1586
"E82 E4 TES",3,1586
"E82-2.3-108",3,1586
"E82-E4",3,1586
"E82/2000",3,1586
"EAZ-12",3,2554
"EN-Drive 2000.2",3,1634
"ENERCON E-40 / 6.44",3,1586
"ENERCON E-66/18.70",3,1586
"Easy Wind 6AC",3,1585
"EasyWind 6",3,1585
"Easywind",3,1585
"Enercon E 48",3,1586
"Enercon E-115 3.0",3,1586
"Enercon E-160 EP5 E2",3,1586
"Enercon E-40/6.44 E2",3,1586
"Enercon E-82/E2",3,1586
"Enercon E53/800 73",3,1586
"Enercon E70/E4",3,1586
"Enercon E82 2 MW",3,1586
"Enercon-40",3,1586
"Energy 1,5 sl",3,1597
"Enron TW 1.5 SL",3,1597
"Enron Wind 1.5sl",3,1597
"F-56",3,1592
"FL 250",3,1593
"FL-MD77/77/1500",3,1593
"Falcon 40",3,2554
"G87",3,1596
"GE - 1,5 sl",3,1597
"GE 1,5sl",3,2884
"GE 1.5 SL",3,1597
"GE 2,75",3,1598
"GE 2.5",3,1597
"GE 2.5-120 DFIG",3,2873
"GE 2.5-120, 2,53 MW, 139 m Nh",3,1597
"GE 2.75 – 120",3,2873
"GE 2.75-120/120/2780",3,1597
"GE 4.8-158",3,2873
"GE Wind Energy 1.5s",3,1597
"GE-2,85-103",3,1597
"GE-2.5-120",3,1597
"GEWE 1,5 sl",3,1597
"Heywind 3,5",3,1601
"Heywind 5 KW",3,1601
"Heywind 6.0",3,1601
"JE48/600",3,2885
"LW50/750-74,5",3,1614
"M1500 600/43",3,1625
"M570 200/40",3,1625
"MD-70",3,1593
"MD70",3,2886
"MM 92",3,2888
"MM 92-2.05",3,1645
"MM82 2050kW",3,2888
"MM82/2000",3,1645
"MULTIBRID M5000",3,1572
"Micon 750",3,1625
"Micon M1500",3,1625
"N 117/ 2400",3,1627
"N 117/2400",3,1628
"N 117/2400/PH 141",3,1627
"N 131-3300",3,1627
"N 149 - 5,7 MW",3,1627
"N 149 4.5",3,1627
"N 149-5.X",3,1628
"N-131",3,1627
"N-131",3,1628
"N117/3600",3,1628
"N117/3600 kW /PH141",3,1627
"N117PH141",3,1628
"N131/3000/PH134",3,1627
"N131/3600",3,1628
"N133/4.8 TS125",3,1627
"N149 5.X",3,1627
"N149 Delta4000",3,1627
"N149/ 4.0-4.5",3,1627
"N149/4.0-4.5 NH125m",3,1627
"N149/4.0-4.5 TCS164",3,1627
"N149/4.0-4.5NH164",3,1627
"N149/4.5 TS125",3,1627
"N149/5.7",3,1627
"N149/5.X",3,1628
"N149/5.x",3,1627
"N149/5700",3,1628
"N163/5.X TS118",3,1628
"N29",3,1628
"N29/250",3,1627
"N29/250",3,1628
"N43-600",3,1627
"N50",3,1627
"N52",3,1627
"N60/1300",3,1628
"N77",3,1627
"NEG Micon NM 52/900",3,1625
"NEG Micon NM 60/1000",3,1625
"NEG Micon NM 900/52",3,1625
"NEG Micon NM48",3,1625
"NM 52-0.9",3,1625
"NM 64C/1500",3,1660
"NM 82 EVOII",3,1645
"NM 900-52",3,1625
"NM 900/52",3,1625
"NM1000",3,1625
"NM1000/60",3,1625
"NM150",3,1625
"NM82c",3,1625
"NTK 1500",3,2891
"NTK 300/31",3,1625
"NTK 500/37",3,2891
"NTK 500/41",3,1625
"NTK 500/41",3,2554
"NTK 500/41/50",3,2891
"NTK600-180/43",3,1625
"Nordex 150 KW",3,1627
"Nordex Delta 4000 N149/4.0-4.5",3,1628
"Nordex N100",3,1627
"Nordex N100 / 2500 IEC3A",3,1627
"Nordex N117 / 2400",3,1627
"Nordex N117/3000",3,1628
"Nordex N131/3000",3,1627
"Nordex N131/3900",3,1628
"Nordex N149",3,1627
"Nordex N149 4,0-4,5",3,1627
"Nordex N163/5.X Delta4000",3,1627
"REpower MD77",3,2888
"Repower 3,2M114",3,2554
"SG 6.6-155",3,1001679
"STW-2.3-93 VS",3,2890
"SWT 2,3 -93 VS",3,1646
"SWT 3.0 - 113",3,1646
"SWT 3.6",3,1646
"SWT-2.3-101",3,1646
"SWT-3.2-113 /3.200kW",3,1646
"SWT-3.6-107",3,1646
"Senvion 3.4M",3,1645
"Senvion 3.4M114",3,1645
"Senvion 43/600",3,1645
"Senvion 48/600",3,1645
"Senvion MM100",3,1645
"Senvion MM82/82/2050",3,1645
"Siemens Gamesa G 114 2,0 MW IIA",3,1596
"Siemens Gamesa SG 6.0-155",3,2554
"Siemens SG-5.0-132",3,1001679
"TW 600 e",3,1654
"TW 600a",3,2884
"TW250",3,1654
"TW60",3,1654
"Tacke TW 600-e",3,1654
"Tacke TW 600e",3,1654
"Typ ENERCON-40/6.44",3,1586
"V 126 - 3.3",3,1660
"V 126-3.45",3,1660
"V 39/500 kW",3,1660
"V 80 - 2.0MW / Mode 105.1 dB",3,1660
"V 90 - 2,0 MW",3,1660
"V 90 MK 5",3,1660
"V 90 MK8",3,1660
"V 90-2MW",3,1660
"V-162",3,1660
"V-47",3,1660
"V-52",3,2554
"V-90/2.0/95m",3,1660
"V112",3,1657
"V112 - 3MW Mk. 1B",3,1660
"V112 3.3 MW",3,1660
"V112/3450",3,1660
"V117-3,45MW",3,1660
"V126 - 3,6MW",3,1660
"V126 - 3.45",3,1660
"V126 3,45 MW",3,1660
"V126 3,45MW NH 137m",3,1660
"V126-3,45 HTq",3,1660
"V126-3.3/3.45MW BWC",3,1660
"V136 - 3,45/3,60 MW",3,1660
"V136 3,45MW",3,1660
"V136-4.0/4.2MW",3,1660
"V162-5.6/6.0MW STE",3,1660
"V162-5.6MW",3,1660
"V27/225",3,1660
"V47-660/200 kW",3,1660
"V63",3,1660
"V66",3,2554
"V66-1,75 MW VCS",3,1660
"V80",3,2554
"V80-2.0 MW / Mode 105.1dB",3,1660
"V80-2.0MW/Mode 105.1 dB",3,1660
"V80/2MW",3,1660
"V90 - 2 MW",3,1660
"V90 - 2MW MK8 Gridstreamer",3,1660
"V90 MK2 Gridstreamer",3,1660
"V90 MK7",3,1660
"V90-2.0",3,1660
"V90-2.0 MW Gridstreamer",3,1660
"V90-2000",3,1660
"V90-Gridstreamer",3,1660
"V90-VCS-2,0MW-690V-50Hz",3,1660
"VESTAS V126 - 3,6 MW STE",3,1660
"VESTAS V80",3,1660
"VESTAS V90",3,1660
"VESTAS V90/2.0 MW",3,1660
"Vensys 115",3,1657
"Vensys 120 3.0",3,1657
"Vestas Typ V150-5,6 MW",3,1660
"Vestas V 126/3.45",3,1660
"Vestas V 80",3,1660
"Vestas V-126",3,1660
"Vestas V112-3.0",3,1660
"Vestas V112-3.0MW",3,1660
"Vestas V112-3.3 MW MK2C",3,1660
"Vestas V126/3.3",3,1660
"Vestas V150-4,2 MW",3,1660
"Vestas V66 1650",3,1660
"VestasV47",3,1660
"WTN 200 / 26",3,1666
"WW4100",3,2892
"eno 126-3.5",3,1587
"eno 126-4.0",3,1587
"eno126 - 3,5 MW",3,1587
"eno126 - 3,5MW",3,1587
"eno126 - 3.5MW",3,1587
"eno82",3,1587
"eno92 - 2.0MW",3,1587
"v90",3,1660
"ww40/600",3,2554
"1,3 MW/62",2,2890
"1,3MW/62",2,1646
"1,5 sle",2,1597
"1,5SL",2,1597
"1,5sl",2,2554
"1,5sl",2,2873
"1.5 sl",2,2873
"10",2,1615
"110",2,1644
"150/30",2,2889
"18/80",2,1614
"2.3",2,1597
"2000.2",2,1634
"2000.2",2,2554
"2MW/76",2,1646
"3,2M 114",2,1645
"3,2M11VG",2,1645
"3,4 XM 104",2,1645
"3,4M",2,1645
"3.2M 114",2,2888
"3.2M114 DFIG",2,2888
"3.2M114NES NH 93",2,1645
"3.2M114VG",2,1645
"3.4M",2,2888
"3.4M 104",2,2554
"3.4M114NES",2,1645
"3.4XM104",2,1645
"3.OM",2,1645
"3XM",2,1645
"4100",2,2892
"43/500",2,2554
"48/600",2,2885
"52/900",2,1625
"57/1000",2,2887
"A/S M 1500/600",2,1625
"AN 1,3 MW / 62 h",2,1577
"AN 2.0MW/76",2,1646
"AN BONUS 150 kW/30",2,2889
"AN BONUS 2,0 MW/76",2,2889
"AN BONUS 2,3 MW/82 VS",2,2890
"AN BONUS 2MW/76A",2,1646
"AN BONUS 450 kW/37",2,2889
"AN BONUS 600 kW 44m",2,2889
"AN BONUS 600 kW/41",2,2889
"AN BONUS 600 kW/44-2c",2,1577
"AN BONUS 600KW/41",2,2889
"AN BONUS 600kW 44-3",2,1577
"AN BONUS 600kW/44-3",2,2889
"AN Bonus 1,0MW",2,1646
"AN Bonus 1,3 MW",2,1646
"AN Bonus 1,3 MW/63",2,2889
"AN Bonus 1000/54",2,1577
"AN Bonus 1300/68",2,2889
"AN Bonus 150/30",2,1577
"AN Bonus 1MW/54",2,2890
"AN Bonus 2,3 MW/82-CS",2,2889
"AN Bonus 2,3MW",2,1646
"AN Bonus 2,3MW/82",2,1646
"AN Bonus 2.0 MW NH 76",2,1577
"AN Bonus 450kW/37",2,2889
"AN Bonus 600",2,2554
"AN Bonus 600/120 kW",2,1577
"AN Bonus 600/44 MK IV",2,2889
"AN Bonus 600kW",2,NULL
"AN Bonus 62/62/1300/68.00",2,2889
"AN Bonus 62/62/1300/68.00",2,1001671
"AN Windenergie 600 kW",2,1577
"AN-BOUNS 1,3MW/62",2,1646
"AN-Bonus 600 kW/44-2c",2,2889
"AN1,3MW/62 mit 68 m NH",2,2889
"AN600MK4",2,2889
"AN76 2,0",2,1001671
"Aircon 10S",2,2554
"An Bonus 450kW/37",2,2889
"Antaris 4,5",2,1582
"Antaris 5,5",2,1582
"Antaris 6,5 KW",2,1582
"Antaris 6,5 kw",2,1582
"Antaris 9,5",2,1582
"Antaris 9.5",2,1582
"B1500 cs",2,1597
"Black600",2,2554
"Bonus AN 1,3MW/68",2,1646
"Bonus AN 2,3 MW/82",2,1646
"Carlo Gavazzi",2,2554
"D4 /600",2,1584
"D4 600 kW",2,1584
"D4/48",2,1584
"D4/48/70",2,1584
"D48/600",2,1584
"D6 1250",2,1584
"D62",2,1584
"E - 115",2,1586
"E - 48",2,1586
"E 115 3.0",2,1586
"E 115 TES",2,1586
"E 126 EP 3",2,1586
"E 138 EP3",2,1586
"E 141",2,1586
"E 18",2,1586
"E 40-5.40",2,1586
"E 40/64NH",2,1586
"E 6.44",2,1586
"E 66 15.66 (wistec)",2,1586
"E 70 / E 4",2,1586
"E 70 2.300 kW",2,1586
"E 70 2000 kW",2,1586
"E 70-4",2,1586
"E 70/E 4",2,1586
"E-115  3,0 MW  TES",2,1586
"E-115 3,0 MW",2,1586
"E-115 3,0MW",2,1586
"E-115 3000 kW",2,1586
"E-115 EP3",2,1586
"E-115 FTQ",2,1586
"E-115/BF/147/31/02",2,1586
"E-126 EP 4",2,1586
"E-126-EP4",2,1586
"E-138 EP3 E1",2,1586
"E-138 EP3 TES",2,1586
"E-141 EP4 TES",2,1586
"E-147",2,1586
"E-147 EP 5 E2",2,1586
"E-160 EP5 E2",2,1586
"E-30/3.30-",2,1586
"E-40 / 6.44 E2",2,1586
"E-40 6.44 600 kW",2,1586
"E-40 E2 / 6.44",2,1586
"E-40/5.40",2,2884
"E-40/6.44 (6b)",2,1586
"E-40/600 KW",2,2884
"E-48-800",2,1586
"E-58 /10.58",2,1586
"E-66   18.70",2,1586
"E-66 1.5",2,1586
"E-66 20-70",2,1586
"E-66/18",2,1586
"E-66/18/70",2,1586
"E-66b",2,1586
"E-70 E-4",2,1586
"E-70 E4",2,2884
"E-70 E4 2,3 MW",2,1586
"E-70 E4 T 02",2,1586
"E-82",2,NULL
"E-82 2,3 MW",2,1586
"E-82 2.0 MW",2,1586
"E-82 E2 2.0MW",2,1586
"E-82 E2/2.3 MW",2,1586
"E-82-2",2,1586
"E-82-2,3",2,1586
"E-82/20.82",2,1586
"E-82/E2/BF/107/23/01",2,1586
"E-82E2 2.0 MW",2,1586
"E-92 TES",2,1586
"E126 EP3",2,1586
"E126 EP3 TES",2,1586
"E126 EP4",2,1586
"E138 EP3",2,1586
"E138 EP3 E2",2,1586
"E160 EP5 E2 TES",2,1586
"E2",2,1586
"E40 6.44 E1",2,1586
"E40-5/40",2,1586
"E40/ 6.44",2,1586
"E40/5.40E1",2,1586
"E40/540/E1",2,1586
"E40/6",2,1586
"E40/6.44 E2",2,1586
"E40/6.44/E2",2,1586
"E44/600",2,1586
"E48/8.48",2,1586
"E66/18.70-3",2,1586
"E66/18.70/85",2,1586
"E66/70",2,1586
"E70 / E4",2,1586
"E70 E 4",2,1586
"E70/2000",2,1586
"E82 2.3",2,1586
"E92-2.35-104",2,1586
"EAZ-Zwölf",2,1001678
"EMB 10 kW - Gondel UniWind 10",2,1656
"EN-Drive 2000.3",2,1634
"EN-Drive 2000.3 M",2,1634
"ENERCON E 141 EP4",2,1586
"ENERCON E 70",2,1586
"ENERCON E 82 E2",2,1586
"ENERCON E-66/20.70",2,1586
"ENERCON E-70 EP4",2,1586
"ENERCON E-82 E2 TES",2,1586
"ENERCON E-82E2 2,3MW",2,1586
"Easywind 6AC",2,1585
"EnVentus V150-5.6MW",2,1660
"Enercon  E101",2,1586
"Enercon - E 70",2,1586
"Enercon 18",2,1586
"Enercon E -40/644",2,1586
"Enercon E 70",2,1586
"Enercon E-101 FT (3,05 MW)",2,1586
"Enercon E-115 3.000",2,1586
"Enercon E-126 EP3 4.0MW TES",2,1586
"Enercon E-40/6.44 E1",2,1586
"Enercon E-66 / E4",2,1586
"Enercon E-66 18.70",2,1586
"Enercon E-66/18.70-3",2,1586
"Enercon E-70 / E4",2,1586
"Enercon E-82 E 2 2,3MW",2,1586
"Enercon E-82 E2 FT",2,1586
"Enercon E-82 E3",2,1586
"Enercon E-82 E4 TES",2,1586
"Enercon E-92, 2,35 MW",2,1586
"Enercon E126 EP4/126/4200",2,1586
"Enercon E138 EP 3",2,1586
"Enercon E53",2,1586
"Enercon E58",2,1586
"Enercon E82/1",2,1586
"Enercon E92",2,1586
"Enron Wind 1,5 sl",2,1597
"FL 100",2,1593
"FL 800",2,1593
"FL MD 70",2,1593
"FL800",2,1593
"FlowerW",2,2554
"Fuhrländer FL MD 70",2,1593
"GE 1,5 sl",2,1586
"GE 1,5s",2,2873
"GE 1.5 sl",2,2884
"GE 2.75 103",2,1597
"GE 3.2-130, 3,23 MW, 134 m Nh",2,1597
"GE 3.6-137",2,1598
"GE 3.8-130",2,2873
"GE 4.8-158",2,1597
"GE 4.8/158/4800",2,1597
"GE 5,5-158",2,1598
"GE 5.5",2,1598
"GE Wind 1.5 sl",2,1597
"GE Wind 1.5s",2,2884
"GE Wind 1.5sl",2,1597
"GE Wind Energy 1,5 SL",2,2873
"GE Wind Energy 1,5 sL",2,1598
"GE Wind Energy 1,5SL",2,2873
"GE Wind Energy 1,5s",2,1597
"GE Wind Energy 1.5SL",2,1597
"GE-1,5SL",2,1597
"GE3.2-130",2,1597
"HSW 1000",2,1603
"HSW 1000",2,NULL
"HSW1000/57",2,2887
"Heydewind 6.0",2,1601
"Heywind 5.0",2,1601
"Jacobs 48 / 600",2,2885
"Jacobs 500/41",2,1645
"K100E",2,1610
"K110 – 2.4",2,1610
"KD-VK-58",2,1608
"L-147",2,1614
"LA 30",2,1615
"LW 15-75",2,1614
"LW 15/75",2,1614
"LW 18/80",2,1614
"LW18/80",2,1614
"Lely Aircon 10",2,1615
"Lely Aircon 30",2,2554
"M 1500",2,1625
"M 1500/125",2,1625
"M 3,2",2,1645
"M 530",2,1625
"M1500-600/150 kW",2,1625
"M1800",2,1625
"M700 225/40",2,1625
"M700-225",2,1625
"MD 77",2,2885
"MD70",2,1597
"MD77",2,1627
"MD77/85",2,2888
"MM 70",2,2888
"MM-100",2,1645
"MM70",2,1645
"MM77",2,1645
"MM82 2MW",2,2888
"MM82 Evolution 2050kW",2,1645
"Micon 1500",2,1660
"Micon NM60/60/1000",2,1625
"N 1200",2,1652
"N 131/3.300",2,1628
"N 131/3300 kW/PH134 (K08 delta)",2,1627
"N 149",2,1628
"N 149 5,7 MW",2,1627
"N 27",2,1627
"N 27",2,1628
"N 29",2,1627
"N 29",2,1628
"N 43",2,1627
"N 54",2,1627
"N 54",2,1628
"N 77",2,1627
"N-100",2,1627
"N-54",2,1627
"N-60",2,1628
"N-62",2,1628
"N100/2500-SDL-N NH100",2,1627
"N117/120",2,1627
"N117/2400 PH141",2,1628
"N117/2400 PH141 B",2,1627
"N117/2400/PH141",2,1627
"N117/2400kW",2,1627
"N117/3.6",2,1627
"N117/3.6 TS120",2,1627
"N117/3.6 TS91",2,1628
"N117/3600 Delta",2,1627
"N117/3600 Delta STE",2,1628
"N131 3.3",2,1627
"N131/3000",2,1628
"N131/3000 R114",2,1627
"N131/3300 PH164",2,1627
"N133-4.8",2,1627
"N133-4.8 TS110",2,1627
"N133-4.8 TS125",2,1627
"N149 / 4,0 -4,5",2,1627
"N149-5.7",2,1628
"N149-5.X",2,1627
"N149/4.0-4.5 Delta4000",2,1627
"N149/4.0-4.5 NH164",2,1627
"N149/4.5 TCS 164",2,1627
"N149/5.X",2,1627
"N149/5.X TS 125",2,1627
"N149/5.X TS125",2,1627
"N149/5700",2,1627
"N149Delta4000",2,1627
"N163",2,1628
"N27/250",2,1628
"N29 250kW",2,1627
"N62",2,1628
"N77/ 1500",2,1627
"N80/2500kW",2,1627
"N90/2500 LS",2,1627
"NC2",2,1627
"NEG Micon 1800",2,1625
"NEG Micon 64C-1500 kW",2,1625
"NEG Micon 750/48",2,1625
"NEG Micon NM 64-1500",2,1660
"NEG Micon NM 82-1,5 MW",2,1660
"NEG Micon NM60",2,1625
"NEG NM600",2,1660
"NM 1500C",2,1625
"NM 52/900",2,1660
"NM 60/1000/80",2,1625
"NM 72C / 1500 - 64",2,1625
"NM48/750kW",2,1625
"NM72c/1500KW",2,1625
"NM82 1500",2,1625
"NM82/1500c",2,1625
"NORDEX N149/4.0-4.5 STE",2,1627
"NTK 150 XLR",2,2891
"NTK 600",2,2891
"NTK 600-180/43",2,2554
"NTK600/43/60",2,1625
"Nordex 150KW",2,1628
"Nordex Delta 4000-N149 NH 164m",2,1627
"Nordex Delta4000 N149/5,7",2,1627
"Nordex N 117 / 2400",2,1627
"Nordex N 131/3300 PH 134",2,1627
"Nordex N 149",2,1627
"Nordex N 149-4.5 MW",2,1628
"Nordex N 149/4.5 TS 125",2,1627
"Nordex N 60",2,1627
"Nordex N-29",2,1628
"Nordex N100",2,1628
"Nordex N100/2500",2,1628
"Nordex N100/3.300",2,1628
"Nordex N117/2400",2,1628
"Nordex N117/3.600",2,1628
"Nordex N117/3000",2,1627
"Nordex N133/4800",2,1628
"Nordex N149-4,5 MW STE",2,1628
"Nordex N149/4.5",2,1627
"Nordex N149/5.X Delta4000",2,1627
"Nordex N27",2,1627
"Nordex N27 - 150  KW",2,1627
"Nordex N27 - 150 kW",2,1627
"Nordex N43 600 KW",2,1627
"Nordex N54-Mk1",2,1628
"Nordex N60",2,1628
"Nordex N62 R69 NT31 DIBt 2",2,1627
"Nordex NC2 N117",2,1627
"Nordex S 77",2,1627
"NordexN131",2,1627
"Nordtank 300/31",2,2891
"Nordtank NTK 500",2,2554
"Nordtank NTK 500/41",2,2554
"PV",2,1587
"RE 3.2 M114",2,1645
"RE 77",2,2888
"REpower 3.2M114",2,2888
"REpower 3.4M",2,2888
"REpower 3.4M104",2,1645
"REpower MM82 Evolution",2,2888
"REpower MM82-Evolution",2,2888
"REpower MM92",2,1645
"REpower MM92-Evolution",2,2888
"REpower5M",2,2888
"RePower 3.4M",2,2888
"Repower MD 77",2,1645
"Repower MD 77",2,2888
"Repower MD77",2,1645
"Repower MM 82",2,1645
"Repower MM92",2,2888
"Repower RP MM92",2,2888
"S 20 110",2,1644
"S-46",2,1652
"S3127",2,1652
"SE 3.6M 114 NES",2,1645
"SG 5.0-132",2,1001679
"SG 6.0-155",2,2554
"SIEMENS SWT-6.0-154",2,1646
"SWT 1.3",2,1646
"SWT-0,6-44 MK4",2,1577
"SWT-2.3-93-VS",2,1646
"SWT-3.6-130 DD",2,1646
"Senvion 3,2MW",2,1645
"Senvion 3.2M122",2,1645
"Senvion 3.4M 104",2,1645
"Senvion 3.4M 122 NES",2,1645
"Senvion SE 3.4M114",2,1645
"Siemens AN 1000",2,1001671
"Sky Wind NG 1 KW",2,1594
"SkyWind NG",2,1594
"Skystream 3.7",2,2554
"SÜDWIND S70 1500kW 65m",2,1652
"Südwind S-46",2,1652
"Südwind S46/600KW",2,1627
"Südwind S70/70/1500",2,1627
"Südwind S77 G111",2,1652
"TW 1,5s",2,1597
"TW 1.5s",2,1597
"TW 300",2,1654
"TW 500 RD36m NH40m",2,1654
"TW-600",2,1654
"TW-600e-0,6/43,00/50,00/0,60MW",2,1654
"TW1,5s",2,1654
"TW600A-46/70",2,1654
"TW600a",2,1597
"TW600e",2,1597
"Tacke TW600e",2,1654
"V 112 - 3,3",2,1660
"V 112 / 3,3 MW / 50 Hz",2,1660
"V 117",2,1660
"V 117-3.45",2,1660
"V 126 3,6MW",2,1660
"V 126 NH 166",2,1660
"V 126-3.45 MW",2,1660
"V 136 3,6",2,1660
"V 136-3.6MW",2,1660
"V 136-4.2 MW",2,1660
"V 150-4.2 MW",2,1660
"V 162-5.6 MW",2,1660
"V 17",2,1660
"V 27",2,1660
"V 80-2MW",2,1660
"V 90-2.0 MW",2,1660
"V-136 4.2",2,1660
"V-90-VCS-2",2,1660
"V112 - 3.0MW",2,1660
"V112 3,0 MW",2,1660
"V112 3,3 MW HH140",2,1660
"V112 3.3",2,1660
"V112 3.3MW NH140m",2,1660
"V112 Mk2",2,1660
"V112 STE",2,1660
"V112-3.3 MW MK2C",2,1660
"V112/112/3075",2,1660
"V112/3.0 MW",2,1660
"V112/3075",2,1660
"V117 BWC",2,1660
"V117- 3,45 MW",2,1660
"V117-3.3MW",2,1660
"V117-3.45",2,1660
"V126 - 3,3",2,1660
"V126 3,45MW NH 137",2,1660
"V126 MK 2C",2,1660
"V126-3,3/3,45MW",2,1660
"V126-3.3 MW (LDST-Tower)",2,1660
"V126-3.3/3.45",2,1660
"V126-3.60 MW",2,1660
"V126-HTq",2,1660
"V136 - 3,45",2,1660
"V136 3.6 MW",2,1660
"V136 4.2 MW",2,1660
"V136, 4,2 MW",2,1660
"V136-3.45/3.6MW",2,1660
"V150 - 4.2 TES",2,1660
"V150 4.2",2,1660
"V150 4.2MW NH 166m",2,1660
"V150-5.6/6.0 MW STE",2,1660
"V27/225 Kwh",2,1660
"V44 - 600 kW",2,1660
"V44/600",2,1660
"V44/600 kW",2,1660
"V47 - 660 KW",2,1660
"V47 76m NH",2,1660
"V47-660/200kW",2,1660
"V52",2,2554
"V52-850kw",2,1660
"V52-VCS-850KW-690V-50Hz",2,1660
"V52/74",2,1660
"V66 - 1,75 MW",2,1660
"V66 1650 kW",2,1660
"V66 VCS",2,1660
"V66-1,75 VCS",2,1660
"V80 - 2,0",2,1660
"V80 -2,0MW",2,2554
"V80 VCS 2.0",2,1660
"V90",2,NULL
"V90 - 3 MW VOC II",2,1660
"V90 2.0MW",2,1660
"V90, 2 MW",2,1660
"V90, 2MW",2,1660
"V90-2.0 MK 3",2,1660
"V90-2.0MW",2,2554
"VE-112",2,1657
"VE112",2,1657
"VENSYS 136",2,1657
"VENSYS 82",2,1657
"VESTAS V150",2,1660
"VESTAS V150 - 4.2MW STE",2,1660
"VK58",2,1608
"VMPGlobal",2,1660
"VW 50",2,1651
"Vensys 100/100",2,1657
"Vensys 120",2,1657
"Vensys 136",2,1657
"Vensys-120 3MW NH140",2,1657
"Vestas V 150",2,1660
"Vestas V 44/600 kW",2,1660
"Vestas V 80 2 MW",2,1660
"Vestas V-150 4.2 MW",2,1660
"Vestas V-39",2,1660
"Vestas V-47-660/200 kW",2,1660
"Vestas V112 3.0 Gridstreamer",2,1660
"Vestas V126 HTq/126/3600",2,1660
"Vestas V126/3.3 MW",2,1660
"Vestas V136 - 3,45MW",2,1660
"Vestas V136- 3.45/3.6 MW",2,1660
"Vestas V150-4.2",2,1660
"Vestas V25",2,1660
"Vestas V27",2,1660
"Vestas V39",2,1660
"Vestas V39-500 kW",2,1660
"Vestas V42/600 H",2,1660
"Vestas V52-850 kW VCS",2,1660
"Vestas V80 VCS 2,0",2,1660
"Vestas V80-2MW",2,1659
"Vestas V90 2.0",2,1660
"Vestas VMPGlobal V112",2,1660
"W 4100",2,2892
"W-4100",2,2892
"WB 5.5",2,1672
"WTN200",2,2554
"WW 750/52 TS",2,2892
"Wespe 5.0",2,1665
"Windcarrier",2,1611
"Windkraftanlage Heywind 5.0",2,1601
"Windspot",2,2876
"e.n.o. 114",2,1587
"eno114 3,5MW",2,1587
"eno126 - 4,8 MW",2,1587
"eno126 - 4,8MW",2,1587
"eno126 - 4MW",2,1587
"eno152 - 5,6MW",2,1587
"eno82 - 2,05MW",2,1587
"n 117",2,1628
"v112",2,1660
"ww 750/52",2,2892
"1 MW 54 H",1,1577
"1,1 kw",1,1608
"1,5 S",1,1597
"1,5 SL",1,1597
"1,5 SL",1,2884
"1,5 s",1,2873
"1,5 sL",1,1597
"1,5 sdl",1,1597
"1,5s",1,1654
"1.0MW",1,1577
"1.3MW/62",1,2889
"1.3MW/62",1,2890
"1.3MW/62",1,2904
"1.5 sl",1,2884
"1.5s",1,1654
"1.5sl",1,1654
"10",1,1656
"10 KW",1,1578
"100",1,1573
"10Kw",1,1615
"10S",1,1615
"110/22",1,1644
"110EMB 35173N-B",1,2554
"116",1,1572
"120 kW",1,2554
"1230 N",1,1652
"1300",1,2889
"1300",1,2890
"132",1,1644
"14000500",1,1633
"15-50",1,1613
"15/50",1,1613
"15/50",1,1614
"15/50-G30",1,1613
"150/30",1,1577
"150/30 - 50Hz",1,1577
"1500C/64",1,1625
"1MW",1,1625
"1MW",1,2890
"1MW/54",1,1586
"2,75-120",1,1597
"2.3MW/82",1,1646
"20-100",1,2893
"2000 M",1,1634
"2000.2-L",1,2554
"2000.2/15",1,1634
"2000.2/15-L",1,2554
"2000.3/15",1,1634
"25 kW elektrOmat Profi",1,2554
"2700W",1,2892
"2KW Wind Turbine",1,2554
"2MW",1,2890
"3 XM",1,1645
"3,2 M 114",1,1645
"3,2M114",1,2554
"3,2M114 VG",1,1645
"3,2m114",1,1645
"3,4 M  104",1,1645
"3,4 XM",1,1645
"3,4 XM  98",1,1645
"3.0M",1,1645
"3.2 M 114 VG",1,1645
"3.2 M114",1,2554
"3.2 M122 NES",1,1645
"3.2 XM 122 NES",1,1645
"3.2M 114 m",1,1645
"3.2M-114",1,1645
"3.2M114 NH143",1,1645
"3.2M114; NH 123m",1,1645
"3.2M114NESNH93",1,1645
"3.2M122",1,1645
"3.2M123",1,1645
"3.4 M",1,1645
"3.4 M 104",1,1645
"3.4 M 104",1,2888
"3.4 M 122",1,1645
"3.4 M104",1,2888
"3.4 M114 NES",1,1645
"3.4 NES",1,1645
"3.4 XM",1,2554
"3.4 XM 104",1,1645
"3.4M 104",1,2888
"3.4M 114 NES",1,1645
"3.4M NH 80m",1,1645
"3.4M-104",1,1645
"3.4M104",1,2888
"3.4M114",1,1586
"3.4M140",1,1645
"3.6 M 114 NES",1,1645
"3.6 M114 NES",1,1645
"3.6M140",1,1645
"3.X 104",1,2888
"3000-120",1,1595
"3050",1,1586
"3075",1,1660
"30K16",1,2554
"31/270-55",1,1652
"3201100",1,1646
"3XM 3,4",1,1645
"3XM104",1,1645
"3XM104",1,2888
"4,2M 140 EBC",1,1645
"4.2M",1,1645
"4.2M138",1,1586
"4.2NES118",1,1645
"40/6.44",1,1586
"41",1,2892
"43600",1,2885
"48 / 600",1,2885
"5,5",1,1582
"5.5kW",1,1624
"50/43",1,2885
"500W Mikro-Windanlage",1,1606
"50kw",1,1613
"5KWGT",1,2554
"6",1,1584
"6",1,1585
"6 AC           IEC 61400-2-SWT Class I",1,1585
"6 kw",1,1585
"6,2M126",1,1645
"60/1000",1,1625
"600",1,1577
"600 MK4",1,2889
"600KW",1,2890
"600Kw",1,2890
"600kW/44",1,2889
"600kW/44-3",1,1577
"62",1,1584
"6M152",1,1645
"6ac",1,1585
"6kw",1,1585
"70/1500",1,1657
"70026",1,1652
"701091/7",1,1586
"70465",1,2888
"8 AN Bonus 2MW/76",1,2889
"800 kW",1,1586
"80011",1,1645
"80012",1,1645
"80403",1,2554
"80539",1,1645
"80540",1,1645
"90-VCS-2.0MW",1,1660
"900/52",1,1625
"A30S",1,2554
"AC1024.L3.ETH",1,1615
"ACSM1-204xR-016A-4",1,1615
"AD5-135",1,1572
"AH5kW",1,1001671
"AIRCON 10",1,2554
"AIRVVIN Vertikal",1,2554
"AN - Bonus 600kw/44",1,1577
"AN 1 MW/54e",1,1001671
"AN 1,0 54",1,2889
"AN 1,3MW",1,1646
"AN 1.3 MW",1,2889
"AN 1000 54",1,2889
"AN 1300",1,1577
"AN 1300",1,2890
"AN 1300-1221-04",1,2889
"AN 150",1,1001671
"AN 150/30",1,2889
"AN 2000",1,1646
"AN 300",1,1646
"AN 600",1,1577
"AN 600",1,2889
"AN 600",1,2890
"AN 600",1,1001671
"AN 600 44-2",1,2889
"AN BONUS  150/30kw",1,1577
"AN BONUS 1 MW/54",1,1577
"AN BONUS 1,3 MW / 62",1,2889
"AN BONUS 1,3 MW /62",1,2889
"AN BONUS 1,3 MW/62",1,1577
"AN BONUS 150/30",1,1646
"AN BONUS 150/30",1,2889
"AN BONUS 150/30 kW",1,1577
"AN BONUS 150/30 kW",1,2889
"AN BONUS 1MW/54e",1,2889
"AN BONUS 1MW/70",1,1001671
"AN BONUS 2 MW / 76",1,2889
"AN BONUS 2,3MW/107  VS",1,2554
"AN BONUS 300 KW",1,2889
"AN BONUS 300 kW/33",1,2889
"AN BONUS 300 kW/33-22",1,1577
"AN BONUS 300/332",1,2889
"AN BONUS 450 KW/37",1,1577
"AN BONUS 450 KW/37",1,2889
"AN BONUS 450 kW/37",1,1577
"AN BONUS 450KW/37",1,2889
"AN BONUS 600",1,1646
"AN BONUS 600 kW/44-2",1,2889
"AN BONUS 600 kW/44-3",1,1577
"AN BONUS 600/41",1,1646
"AN BONUS 600kW",1,NULL
"AN BONUS 600kW/44-2",1,2554
"AN Bonus",1,1577
"AN Bonus 1,0",1,1646
"AN Bonus 1,3 MW/62",1,1001671
"AN Bonus 1,3 MW/64",1,2889
"AN Bonus 1,3 MW/65",1,2889
"AN Bonus 1,3 MW/66",1,2889
"AN Bonus 1,3 MW/67",1,2889
"AN Bonus 1,3MW",1,1646
"AN Bonus 1,3MW",1,2889
"AN Bonus 1,3MW/62",1,1577
"AN Bonus 1,3MW/62",1,2889
"AN Bonus 1,3MW/63",1,1646
"AN Bonus 1,3MW/64",1,1646
"AN Bonus 1,3MW/65",1,1646
"AN Bonus 1,3MW/66",1,1646
"AN Bonus 1,3MW/67",1,2890
"AN Bonus 1,3MW/68",1,2890
"AN Bonus 1,3MW62",1,2889
"AN Bonus 1.3 / 62",1,2554
"AN Bonus 1.3 / 62",1,1001671
"AN Bonus 1300-62 Siemens",1,2889
"AN Bonus 1300/68",1,1001671
"AN Bonus 150/30",1,2554
"AN Bonus 150/30 kW",1,1577
"AN Bonus 150/30 kW",1,2889
"AN Bonus 150/30Kw",1,2889
"AN Bonus 2 MW/76",1,2889
"AN Bonus 2 MW/76",1,2890
"AN Bonus 2,0 MW",1,1646
"AN Bonus 2,3MW",1,1001671
"AN Bonus 2,3MW/82 VS",1,2554
"AN Bonus 2,3MW/82VS",1,2889
"AN Bonus 2,3MW/82VS",1,1001671
"AN Bonus 2.3MW/93-VS",1,2889
"AN Bonus 2000",1,2889
"AN Bonus 2000/76",1,2554
"AN Bonus 2300",1,2889
"AN Bonus 2MW/76",1,2890
"AN Bonus 3,6MW/107 /SWT-3,6-107",1,1646
"AN Bonus 3,6MW/107/ SWT 3,6-107",1,1646
"AN Bonus 3,6MW/107/SWT 3,6-107",1,2554
"AN Bonus 3,6MW/107/SWT 3,6/107",1,1646
"AN Bonus 30/150",1,2890
"AN Bonus 300KW/33-2",1,2889
"AN Bonus 300kW",1,2889
"AN Bonus 44-2",1,1577
"AN Bonus 450",1,1646
"AN Bonus 450",1,2889
"AN Bonus 450",1,1001671
"AN Bonus 450 kW",1,2554
"AN Bonus 450 kW/37",1,2889
"AN Bonus 450 kw MK.3/ 40 m NH",1,1577
"AN Bonus 450kw/37",1,2889
"AN Bonus 600",1,2890
"AN Bonus 600 kW, 44-3",1,1001671
"AN Bonus 600 kw/44-2",1,1577
"AN Bonus 600/41",1,1577
"AN Bonus 600kW",1,2889
"AN Bonus 600kW - 120 MK3",1,1577
"AN Bonus 600kW/44-3",1,1577
"AN Bonus 600kW/44-3",1,NULL
"AN Bonus WTC",1,1646
"AN Windenergie 600 kW",1,2554
"AN-1300-882",1,1001671
"AN-600",1,1001671
"AN-600-41",1,2554
"AN-BONUS 150",1,1001671
"AN-Bonus 1000",1,2889
"AN-Bonus 1300",1,1646
"AN-Bonus 150/30",1,1577
"AN-Bonus 2300",1,2889
"AN-Bonus 450 / 37",1,2554
"AN-Bonus 600/120",1,1577
"AN1,3MW/62",1,1577
"AN1000/54 60m",1,1577
"AN1300",1,2889
"AN150-512-D-002",1,2890
"AN150/30",1,1577
"ANTARIS",1,1582
"ANTARIS 2,5",1,1582
"ANTARIS 3,5 Kleinwindanlage",1,1582
"ANTARIS 3,5kW",1,1582
"ANTARIS 5,5",1,1582
"ANTARIS 6,0 kW Wind Turbinde Grid Connected",1,2554
"ANTARIS 6.5 kW",1,1582
"AN_BONUS 1,3MW/62",1,1646
"Aasy Wind 6 AC",1,1585
"Ac19",1,1585
"Adwen AD8-180",1,1572
"AeroCraft 1002-H",1,1599
"AeroCraft 752 turbo",1,2554
"AeroCraft Windenergieanlage AC 750/24 NE",1,2554
"Aerocraft AC 1002 NE",1,2554
"Aeroman 12/20",1,2554
"Aeroman 12/20",1,2885
"Aeromann 1220",1,2554
"AeroviS T7",1,NULL
"Air Dolphin",1,2554
"Aircon 10",1,1586
"Aircon 10 S",1,1586
"Aircon 10kw",1,1615
"Aircon 30 S",1,2554
"Aircon S10",1,2554
"Aircon10",1,2554
"Aircon10S",1,1615
"Alize",1,2899
"Amperius",1,1608
"An Bonus 1 MW/54",1,2889
"An Bonus 1,3 MW/62",1,2889
"An Bonus 1,3 MW/62",1,1001671
"An Bonus 600kW",1,NULL
"An600",1,1001671
"Anakata A018 Windkraftanlage",1,2554
"Anatris 2,5",1,1601
"Anhui H6.4 5KW",1,2554
"Antaris 10 KW",1,1582
"Antaris 10 KW",1,2554
"Antaris 2,5 kW netzparallel",1,1582
"Antaris 3,5",1,2554
"Antaris 3,5 kW",1,1582
"Antaris 4,5kw Netz SW5,5",1,1582
"Antaris 4.5 kw",1,1582
"Antaris 5,0",1,1601
"Antaris 5,0 KW Netzparallel",1,1582
"Antaris 5,0 kW Netzparallel",1,1582
"Antaris 5,5 kW",1,1582
"Antaris 5.5",1,1582
"Antaris 5.5kw",1,1582
"Antaris 6 kw",1,1582
"Antaris 6,0 KW",1,1582
"Antaris 6,5kW",1,1582
"Antaris 6.0 KW",1,1582
"Antaris 6.5",1,1582
"Antaris 6WB 6kW",1,1582
"Antaris 9,5 Kw",1,1582
"Antaris 9,9 KW",1,1582
"Antaris/SMA",1,1582
"Antrais 3,5 kW",1,1582
"Aoelos-H 1 kW",1,2898
"Astos 30",1,1593
"Ataris 6.5",1,1582
"Autaris WB 6.5 N51",1,1672
"Awinco",1,2554
"B648",1,1672
"BEE800",1,1649
"BRANDS4E-WW1",1,2554
"BTPS 6500",1,NULL
"BTPS Windrad",1,2554
"BWU   43/600       43121",1,1645
"BWU   48/750       48076",1,1645
"BWU  48/600",1,2886
"BWU 1000/57",1,2886
"BWU 43/600     43120",1,1645
"BWU1000/57",1,2886
"BestWatt B.V. LA30",1,2554
"Black 1500",1,2554
"Black 1500",1,2901
"Black 300  48 volt",1,NULL
"Black 300  Black 600",1,2554
"Black 600",1,1661
"Black 600",1,2901
"Black 600",1,NULL
"Black 648 N",1,2554
"Black600",1,1597
"Black600-48V",1,1661
"Bon",1,1646
"Bonus 1300",1,1577
"Bonus 450",1,2889
"Braun Antaris 3.5",1,2554
"Braun Antaris 3.5 kW netzparallel",1,1582
"C112-3,3MW",1,1660
"C117-3,3MW",1,1660
"CS48/V.3.29",1,1586
"Catwind V",1,2554
"Conergy EasyWind 6 AC",1,1585
"D 4 600 / 48",1,1584
"D 4-600",1,1584
"D 6",1,1584
"D4 48/70",1,1584
"D4 600 / 48",1,1584
"D4 600/48",1,1584
"D6 1000 kW",1,1584
"D6 62/1000",1,1584
"D6-1.0",1,1584
"D6-1000",1,1584
"D6-1000/62",1,1584
"D6/1000",1,NULL
"D6/62",1,1584
"DE48/600",1,1584
"DEWind D4",1,1584
"DEWind48",1,1584
"DS-3000 Hi Energy Technology CO., Ltd",1,2554
"DW 61 / 750",1,2554
"De Wind D4",1,1584
"De/600",1,1584
"De48/600",1,1584
"DeWind D4 48-600",1,1584
"DeWind D4 48/600",1,1584
"DeWind D4/48",1,1584
"DeWind D48",1,1584
"DeWind D6/62",1,1584
"DeWind, D4/48/70",1,1584
"Dewind 48/70",1,1584
"Dewind D4-48",1,1584
"E",1,1586
"E -101",1,1586
"E 101 FTQ",1,1586
"E 115 - 3000 kW",1,1586
"E 115 BF/147/31/02",1,1586
"E 115 EP 3 E3",1,1586
"E 115 EP3 E3",1,1586
"E 115/BT/149",1,1586
"E 126 EP 4",1,1586
"E 126 EP4",1,1586
"E 138",1,1586
"E 147 EP5 E2",1,1586
"E 17",1,1586
"E 17 / 80 kW",1,1586
"E 17/80",1,1586
"E 18/80 kW",1,1586
"E 32",1,1586
"E 33",1,1586
"E 34",1,1586
"E 40",1,2884
"E 40  6.44",1,1586
"E 40 / 6 44 / E 3",1,1586
"E 40 / 6.44",1,1586
"E 40 / 6.44 / E 3",1,1586
"E 40 / 6.44 E3",1,1586
"E 40 500",1,1586
"E 40 6.40",1,1586
"E 40 6/44",1,1586
"E 40/4",1,1586
"E 40/5.40 500 kW",1,1586
"E 40/500 kw",1,1586
"E 40/500-65",1,1586
"E 40/6.44E3",1,1586
"E 40/6.45",1,1586
"E 40/6.46",1,1586
"E 40/6.47",1,1586
"E 40/6.48",1,1586
"E 40/6.49",1,1586
"E 40/68NH",1,1586
"E 40{5.40",1,1586
"E 42",1,1586
"E 44 - 6.44",1,1586
"E 44/600",1,1586
"E 440/6.44 E2",1,1586
"E 48",1,2554
"E 48",1,2884
"E 53/800-73",1,1586
"E 53/S/72/3K/02",1,1586
"E 53/S/72/3K/03",1,1586
"E 58 /10.58",1,1586
"E 58 1000kW",1,1586
"E 66",1,1587
"E 66 1.8",1,1586
"E 66 18,70",1,1586
"E 66/15.66",1,1586
"E 66/18.70-3",1,1586
"E 70",1,1587
"E 70 - E 4",1,1586
"E 70 E4-2",1,1645
"E 70-E4",1,1586
"E 72",1,1586
"E 783019",1,1586
"E 82 (wistec)",1,1586
"E 82 2000kw",1,1586
"E 82 Serrations",1,1586
"E 82-137",1,1586
"E 82E2",1,1586
"E 92",1,2884
"E- 115 TES",1,1586
"E- 53",1,1586
"E- 58",1,1586
"E- 66 18.70",1,1586
"E- 82 E 2",1,1586
"E- 82 E2",1,1586
"E- 92",1,1586
"E-101",1,1585
"E-101 3.0MW",1,1586
"E-101 3MW",1,1586
"E-101, 3,050MW",1,1586
"E-1115",1,1586
"E-115",1,1585
"E-115 / 30-G2",1,1586
"E-115 /FTQ",1,1586
"E-115 3.0MW",1,1586
"E-115 E1",1,1586
"E-115 EP3 E3 TES",1,1586
"E-115 EP3-E3",1,1586
"E-126  EP3",1,1586
"E-126 4,2 MW",1,1586
"E-126 7.58MW",1,1586
"E-126 EP 3",1,1586
"E-126 EP3 SRT",1,1586
"E-126 EP4 TES",1,1586
"E-127 EP4",1,1586
"E-138 EP 3",1,1586
"E-138 EP3 E 2",1,1586
"E-138 EP3 E-2",1,1586
"E-138 EP3 E2",1,2884
"E-138 EP3 E2 4,2 MW",1,1586
"E-138 EP3 ES TES",1,1586
"E-138 EP3-E2",1,1586
"E-138EP2E2",1,1586
"E-138EP3E2",1,1586
"E-141 EP 4",1,1586
"E-141 EP4 4,2 MW",1,1586
"E-147 EP5",1,1586
"E-147 EP5 E2  5,0 MW",1,1586
"E-160 EP5",1,1586
"E-160 EP5 E2 mit TES",1,1586
"E-160EP5",1,1586
"E-18/20",1,1586
"E-18/80kW",1,1586
"E-30/2.30",1,1586
"E-40 6.44 E2",1,1586
"E-40-S",1,1586
"E-40/ 6.44/ E2",1,1586
"E-40/5,40",1,1586
"E-40/5.40 500",1,1586
"E-40/5.40 E1",1,1586
"E-40/500",1,1586
"E-40/6 44",1,1586
"E-40/6.44 B3",1,1586
"E-40/6.44 e2",1,1586
"E-40/6.44-600",1,1586
"E-40/6.44-EZ",1,1586
"E-40/6.44/77.65m NH",1,1586
"E-40/635",1,1586
"E-40/65",1,1586
"E-40/77,9/600 kW",1,1586
"E-44 6.44",1,1586
"E-44 6.44 E2",1,1586
"E-44/6",1,1586
"E-44/6.44 E2",1,1586
"E-48/8.48",1,1586
"E-48/800",1,1586
"E-53 800  kw",1,1586
"E-53 800 KW",1,1586
"E-53 FT",1,1586
"E-53 Nr:531062",1,1586
"E-53/S/72/3K/02",1,1586
"E-58 10.58",1,1586
"E-58 1000 kw",1,1586
"E-66 / 1500kW",1,1586
"E-66 / 18.70",1,NULL
"E-66 / 18.70-2",1,1586
"E-66 / 18.70-3",1,1586
"E-66 /15.66",1,1586
"E-66 1.8",1,1586
"E-66 15.66",1,1586
"E-66 18.70 / 1800 kW",1,1586
"E-66, 18.70",1,1586
"E-66, 1800",1,1586
"E-66-18.70",1,1586
"E-66/15",1,1586
"E-66/18.70-3",1,NULL
"E-66/18.70.3",1,1586
"E-66/18.70b",1,1586
"E-66/1870-3",1,1586
"E-66/S/97/8/01-18.70",1,1586
"E-66115.66",1,1586
"E-67",1,1586
"E-70 / E4",1,1586
"E-70 2,3 MW",1,1586
"E-70 E4",1,1587
"E-70 E4",1,NULL
"E-70 E4 2,0 MW",1,1586
"E-70 E4-2/CS 82 a",1,1586
"E-70 E4/BF/97/20/01",1,1586
"E-70 EA",1,1586
"E-70 EP4",1,1586
"E-70, 2,00MW, 98m",1,1586
"E-70, 2,30MW, 113m",1,1586
"E-70/23.70 E 4",1,1586
"E-70/4",1,1586
"E-70/E2",1,1586
"E-70/E4 2.3",1,1586
"E-80 E2",1,1586
"E-80-107",1,1586
"E-82",1,2884
"E-82 2",1,1586
"E-82 2.0",1,1586
"E-82 E 2 TES",1,1586
"E-82 E 2 mit Serrations",1,1586
"E-82 E1 FT",1,1586
"E-82 E2",1,2554
"E-82 E2",1,NULL
"E-82 E2 - 2.3 MW",1,1586
"E-82 E2 / 2,3 MW",1,1586
"E-82 E2 2,0 MW",1,1586
"E-82 E2 2,3MW",1,NULL
"E-82 E2 2,3MW FTQ",1,1586
"E-82 E2 2300 kW",1,1586
"E-82 E2 FT - 825714",1,1586
"E-82 E2 FTG",1,1586
"E-82 E2 NH138",1,1586
"E-82 E2 TSE",1,1586
"E-82 E2-2,3MW",1,1586
"E-82 E2/BF/107/23/01",1,1586
"E-82 E4 2,3 MW",1,1586
"E-82 E4 2MW",1,1586
"E-82 EP1",1,1586
"E-82 FT",1,1586
"E-82 FTQ",1,1586
"E-82 Prototyp",1,1586
"E-82, E2",1,1586
"E-82-1",1,1586
"E-82/ 2,3 MW",1,1586
"E-82/2",1,1586
"E-82/2,3 MW E2",1,1586
"E-82/2,3MW",1,1586
"E-82/2MW",1,1586
"E-82E2 2,0MW",1,1586
"E-82E2/2.0MW",1,1586
"E-82E4 2.0 MW",1,1586
"E-83 E2",1,1586
"E-92 2,3MW",1,1586
"E-92 FTQ",1,1586
"E-92/92/2350",1,1586
"E/40/6.44/E2",1,1586
"E101/FT/FTS",1,1586
"E103 EP2",1,1586
"E115 - 3.0MW",1,1586
"E115 EP3  E3",1,1586
"E115/135m",1,1586
"E115/FTQ",1,1586
"E126EP3",1,1586
"E138 EP3-1",1,1586
"E141",1,1586
"E16",1,1586
"E30R50",1,1586
"E32-33",1,1586
"E40",1,NULL
"E40 - 44-600",1,1586
"E40 - 6.44",1,1586
"E40 -500 KW",1,1586
"E40 / 6,44",1,1586
"E40 / 6.44",1,1586
"E40 /5.40",1,1586
"E40 5.40",1,2884
"E40 6.44 E1",1,NULL
"E40 6.44 E2",1,1586
"E40-5.40",1,1586
"E40.44",1,1586
"E40.5.40/40.3/500",1,1586
"E40/ 6.44 E2",1,1586
"E40/44",1,1586
"E40/500kw",1,1586
"E40/6,44",1,1586
"E40/6.44-E2",1,1586
"E44 6.44",1,1586
"E446103",1,1586
"E48/800",1,1586
"E52",1,1660
"E53 800kW",1,1586
"E53/800 73",1,1586
"E58. 10.58",1,1586
"E66    15.66",1,1586
"E66 - 1.5MW",1,1586
"E66 - 1.8MW",1,1586
"E66 / 20.70",1,1586
"E66 /1.8",1,1586
"E66 /18.70",1,1586
"E66 15.70",1,1586
"E66 Typ 18.70",1,1586
"E66-18/70",1,1586
"E66-20.70",1,1586
"E66-65M",1,1586
"E66.70",1,1586
"E66/ 18.70",1,1586
"E66/18,70",1,1586
"E66/18.66",1,1586
"E66/1800",1,1586
"E66/1870",1,1586
"E66/2",1,1586
"E66/20.70-3",1,1586
"E66/70 1800",1,1586
"E70 E-4",1,1586
"E70 E4 - 3",1,1586
"E70 E4 2,3",1,1586
"E70 E4 2,3MW",1,1586
"E70 E4 FTQ",1,1586
"E70 E4-2",1,1586
"E70- E 4 783101",1,1586
"E70- E 4 783102",1,1586
"E70-2.300",1,1586
"E70/71/2300",1,1586
"E70b",1,1586
"E70b/2000",1,1586
"E784",1,2889
"E82 - 2,3 MW",1,1586
"E82 - E2",1,1586
"E82 / 2,3MW",1,1586
"E82 2300",1,1586
"E82 E 2",1,1586
"E82 E1 2MW",1,1586
"E82 E2 - 2.3MW",1,1586
"E82 E2 2,3M",1,1586
"E82 E2 TES",1,1586
"E82 E2/2,3",1,1586
"E82 E3",1,1586
"E82-107",1,1586
"E82-2.0",1,1586
"E82-2.3-98",1,1586
"E82-2.300",1,1586
"E82/E2 138m",1,1586
"E82; 2,3MW",1,1586
"E82_E2/2300",1,1586
"E92 2,3MW",1,1586
"EA-1004-S(C)",1,1585
"EASYWind 6 AC",1,1585
"EAZ 12,gci-15k-w",1,2554
"EAZ zwölf",1,2554
"EAZ-Zwölf Windmühle",1,1001678
"EB08",1,1602
"EC 61400-2",1,1585
"ECOROTE 2800",1,2554
"ECOVENT",1,1621
"EN 600-a",1,1597
"EN 600-a",1,1654
"EN Drive 2000.3",1,2554
"EN Drive 2000.3  MXP",1,1634
"EN-DREI2000.2L",1,1634
"EN-Drive",1,1634
"EN-Drive",1,2554
"EN-Drive 2000",1,1634
"EN-Drive 2000",1,2554
"EN-Drive 2000-11",1,2554
"EN-Drive 2000-S",1,2554
"EN-Drive 2000.2",1,2554
"EN-Drive 2000.2 MXE/MXP",1,1634
"EN-Drive 2000.2/12",1,1634
"EN-Drive 2000.2/15",1,1634
"EN-Drive 2000.2MP-12",1,1634
"EN-Drive 2000.3 - 10 kW",1,1634
"EN-Drive 2000.3 Serie LP",1,1634
"EN-Drive 2000.3 Serie M",1,1634
"EN-Drive 2000.3/10-LXP",1,1634
"EN-Drive Serie 2000",1,1634
"EN-Drive Serie 2000 / 10-M",1,1634
"EN-Drive Serie 2000.2/15LXP",1,2554
"EN-Drive Serie 2000.3",1,1634
"EN-Drive Serie2000.3",1,1634
"EN-Drive Typ 2000.3-LP",1,1634
"EN-Drive Typ 2000.3-MXP3",1,1634
"EN-Drive serie 2000",1,1634
"EN-Drive2000.2-L Compact Windkraftanlage",1,1634
"EN-Drive2000.2/15LXP",1,1634
"EN-Drive2000.3/15kW Typ-L",1,1634
"EN-Drive2000.3MXP",1,1634
"EN-Multi",1,1634
"ENERCO E-101",1,1586
"ENERCON 44",1,1586
"ENERCON E - 40/6.44",1,1586
"ENERCON E 101",1,1586
"ENERCON E 138 E2",1,1586
"ENERCON E 40",1,1586
"ENERCON E 70 E4",1,1586
"ENERCON E 82 E 2",1,1586
"ENERCON E-115",1,1586
"ENERCON E-115 EP3 E3",1,1586
"ENERCON E-12",1,1586
"ENERCON E-147 EP5 E2",1,1586
"ENERCON E-40/5.40",1,1586
"ENERCON E-66 / 18.70",1,1586
"ENERCON E-66/15.66",1,1586
"ENERCON E-70",1,2888
"ENERCON E-70  E 4",1,1586
"ENERCON E-70/E4",1,1586
"ENERCON E-70E4TF",1,1586
"ENERCON E-82",1,2554
"ENERCON E-82 E2 2.3MW",1,1586
"ENERCON E-82/2",1,1586
"ENERCON E-92",1,1586
"ENERCON E-92 138 2,35 MWh",1,1586
"ENERCON-17",1,1586
"ENERCON-40",1,1586
"ENERCON-40 E2 6.44",1,1586
"ENERCON-40/6.44",1,1586
"ENERCON-58/10.58",1,1586
"ENERCON-E66",1,1586
"ENERCON. E-40/6.44-G2",1,1586
"ENFLO 0071",1,1671
"ENO 92 - 2.2",1,1587
"EOLO 3000",1,2554
"ET500",1,2554
"EW 1.5 sl",1,2884
"EW1,5S",1,2884
"EWT DW 61",1,2554
"Eacywind 6 AC",1,1585
"Easy Wind 3-300",1,1585
"Easy Wind 6 AC, Seriennummer 204",1,1585
"Easy Wind 6 AC/(DC",1,1585
"Easy Wind 6 DC",1,1585
"Easy Wind 6AC",1,NULL
"Easy Wind Typ AC Kleinwindanlage",1,1585
"Easy-Wind 6 AC mit 19 m Turm",1,1585
"EasyWind 3-300",1,1585
"EasyWind 6 AC and DC",1,1585
"EasyWind 6/ 15 A/DC",1,NULL
"EasyWind6AC nennleistung6KW",1,1585
"EasyWind6DC",1,1585
"Easywind  6AC",1,1585
"Easywind 6",1,1585
"Easywind 6 -AC",1,1585
"Easywind 6 AC/DC",1,1585
"Easywind 6AC IEC61400-2-SWT Class 1",1,1585
"Easywind 6AC/DC",1,1585
"Economy Windmühle",1,2554
"Ecowind H",1,2554
"Eigenbau",1,2554
"Elektromat 25 kw",1,2554
"En Drive 2000 Mxs",1,1634
"Enerco E82E2 2,3MW",1,1586
"Enercon  E-70 E4 T02",1,1586
"Enercon - 40/6.44",1,1586
"Enercon - E 53",1,1586
"Enercon - E 70 E4",1,1586
"Enercon - E101",1,1586
"Enercon - E82",1,1586
"Enercon 17",1,1586
"Enercon 17 / 80 kW",1,1586
"Enercon 33",1,1586
"Enercon 66",1,1586
"Enercon E 103-EP2",1,1586
"Enercon E 115",1,1586
"Enercon E 115-EP3",1,1586
"Enercon E 18/80",1,1586
"Enercon E 40 / 6.44",1,1586
"Enercon E 58",1,1586
"Enercon E 58 10.58",1,1586
"Enercon E 58/10.58",1,1586
"Enercon E 70/E4",1,1586
"Enercon E 82  2,3 MW",1,1586
"Enercon E 82 E2",1,1586
"Enercon E 92",1,1586
"Enercon E-103 EP2",1,1586
"Enercon E-126 EP4",1,1586
"Enercon E-138 EP 3",1,1586
"Enercon E-160 EP5 E1",1,1586
"Enercon E-160 EPS",1,1586
"Enercon E-18",1,1586
"Enercon E-32",1,1586
"Enercon E-40 / 5.",1,1586
"Enercon E-40 / 6.44",1,1586
"Enercon E-40 5.40",1,1586
"Enercon E-40 mit 65 m Nabenhöhe",1,1586
"Enercon E-40/6",1,1586
"Enercon E-40/6.40",1,1586
"Enercon E-44 (40)",1,1586
"Enercon E-44/6.44",1,1586
"Enercon E-53 800kW",1,1586
"Enercon E-53/8.53",1,1586
"Enercon E-66/15.70",1,1586
"Enercon E-66/18.66",1,1586
"Enercon E-66/1870",1,1586
"Enercon E-70 E4",1,NULL
"Enercon E-70 E4 2,3MW",1,1586
"Enercon E-70 E4-3",1,1586
"Enercon E-70 EP4",1,1586
"Enercon E-70(66)",1,1586
"Enercon E-70/E4",1,1586
"Enercon E-82 E 2",1,1586
"Enercon E-82 E2 FTQ",1,1586
"Enercon E-82 E2 TES",1,1586
"Enercon E-82/20.82",1,1586
"Enercon E-82E2 2,3MW",1,1586
"Enercon E115 TES/115/3000",1,1586
"Enercon E126/127/7580",1,1586
"Enercon E147 EP5 E2",1,1586
"Enercon E17",1,1586
"Enercon E40 6.44",1,1586
"Enercon E40-5.40: 500kW",1,1586
"Enercon E40/6",1,1586
"Enercon E40/6,44",1,1586
"Enercon E40/6.44 E1",1,1586
"Enercon E48/48/800",1,1586
"Enercon E58/10.58",1,1586
"Enercon E58/58.6/1000",1,1586
"Enercon E66 / Herstell Nr. 70223 (12)",1,1586
"Enercon E66.15.66/66/1500",1,NULL
"Enercon E66.20.70/70/2000",1,1586
"Enercon E66/18.70",1,1586
"Enercon E70",1,1586
"Enercon E70 / E4",1,1586
"Enercon E70 E 4",1,1586
"Enercon E70 E4-2",1,1586
"Enercon E82 E2/82/2000",1,1587
"Enercon EP3E2",1,1586
"Enercon-138-EP3",1,1586
"Enercon-17",1,1586
"Enercon-18/80 kW",1,1586
"Enercon-30",1,1586
"Enercon-40 E2  6.44",1,1586
"Enercon-40 E2 6.44",1,1586
"Enercon-40/500kw",1,1586
"Enercon-40/6",1,1586
"Enercon-40/6.44",1,NULL
"Enercon-58",1,1586
"Enercon-66/18.70-3",1,1586
"Enercon-82",1,1586
"Enercon-92",1,1586
"Enercon-E-48",1,1586
"Enercoon E66/18.70",1,1586
"Energy 1,5 sl",1,1586
"Energy Ball",1,2874
"Enerocn E53",1,1586
"Enervon E70-E4",1,1586
"Enrercon E-40/5.40",1,1586
"Enron 1,5s",1,1597
"Eolo 3000",1,2554
"Eovent 9.8",1,1588
"F45",1,1592
"FD6.0-5KW",1,2554
"FD6.0-5kW",1,1623
"FE1024U",1,2554
"FE1048",1,1674
"FE1048U",1,1594
"FL 2500",1,1593
"FL MD 77",1,1645
"FL MD 77 1,5MW",1,1593
"FL-2500-100",1,1593
"FL203 HD 77",1,1593
"FLIP 500",1,1649
"FLMD 77",1,1593
"FLMD70",1,1593
"FRISIA 56/850 kW",1,1592
"FU 1000",1,1593
"FUH15 G1 D250",1,1593
"Fa. Geiger",1,2554
"Falcon 40",1,2904
"Firisa F56",1,1592
"Fuhrländer  FL MD77",1,1593
"Fuhrländer 800",1,1593
"Fuhrländer FL 1000",1,1593
"Fuhrländer FL 750/800",1,1593
"Fuhrländer FL 77",1,1593
"Fuhrländer FL MD 77",1,1593
"Fuhrländer FL250",1,1593
"Fuhrländer MD 77",1,1593
"Fuhrländer MD77",1,1593
"Fuhrländer WP3100",1,1593
"G 52",1,1596
"GCI-2K",1,1576
"GE - 2,5 MW",1,1597
"GE - 2.75 MW, 139m",1,1597
"GE 1,5 SL",1,NULL
"GE 1,5csl - 85m NH",1,1597
"GE 1,5sl",1,2873
"GE 1.5 S",1,2884
"GE 1.5 SL",1,1598
"GE 1.5 s",1,1597
"GE 1.5.sl",1,1597
"GE 1.500 s",1,1597
"GE 1.5SL",1,1597
"GE 1.5s",1,2873
"GE 1.5sL",1,1597
"GE 1.5sl",1,1598
"GE 1.5sl - 100 m NH",1,1597
"GE 1.5sl 1,5 MW",1,1597
"GE 15.5s",1,1597
"GE 1500",1,1597
"GE 158",1,1597
"GE 2,75-120",1,1598
"GE 2,75-120, NL von je 2,78 MW",1,1597
"GE 2.5",1,1598
"GE 2.5 xL",1,1597
"GE 2.5 xl",1,1598
"GE 2.75 - 120",1,1597
"GE 2.75-120, 139",1,1597
"GE 2.75/120",1,1597
"GE 25",1,1598
"GE 3.8-130, 3,83 MW",1,1597
"GE 3.8-130, 3,83 MW NH 110m",1,1597
"GE 4,8-158",1,1597
"GE 5,3 - 158",1,2873
"GE 5.3/158/5500",1,1597
"GE 5.5/158/5500",1,1597
"GE Typ 2.75-120",1,1597
"GE WE 1.5csl",1,1597
"GE Wind 1,5sl",1,1597
"GE Wind 2,5xl-100m",1,1598
"GE Wind 3.2-130",1,2873
"GE Wind Energy 1,5 S",1,2873
"GE Wind Energy 1,5SL",1,1597
"GE Wind Energy 1,5sl",1,1597
"GE Wind Energy 1.5 SL",1,1597
"GE-120-2,75/139,00/120,00/2,78MW",1,1597
"GE-2,5-120",1,1597
"GE-2.75-120 DFIG",1,1597
"GE1.5sl",1,1598
"GE1.5sl",1,2873
"GE120-2.75",1,1597
"GE2,5-120",1,1597
"GE2.5 120",1,1597
"GE2.5-120",1,2873
"GE3.6-137",1,2873
"GE600a",1,1597
"GET 27 II NH 40",1,2554
"GET 41a",1,2554
"GEWE 1.5sl",1,2873
"GEWE B1,5esl",1,1597
"GL-PMG-5000",1,2554
"GYROWIN 400",1,2554
"Gamesa G 58-850 kW",1,1596
"Gamesa G58-850kW",1,1596
"Ge 1,5s",1,1597
"Ge 1.5 sl",1,1597
"Geiger",1,2554
"Gildemeister",1,1634
"Gildemeister WindCarrier",1,2554
"Gildemeister energy solutions WindCarrier 10kW",1,2554
"Ginlong GCI - 15K - W",1,2554
"H3.8 2kW",1,1576
"H500W",1,2898
"H6.4-5kW",1,1576
"HAWT, Leerläufer, Fahnenlos",1,2902
"HF0.5-3kW",1,2554
"HF9.0 15 KW",1,2554
"HKB-1 (Prototyp)",1,2554
"HSW 1000, 1,05MW, 70m",1,2554
"HSW 1000/57",1,2554
"HSW 250",1,1603
"HSW 30",1,2887
"HSW 750",1,1603
"HSW250",1,2554
"HSW30",1,2554
"HWA30",1,2901
"HY-5KW",1,2554
"HY5.6",1,2554
"HeyWind 6.0",1,1601
"Heyde 3.5",1,1601
"Heyde Windtechnik Windrad 5 KW",1,1601
"Heydewind, WR Smartwind 5,5 Windgenerator",1,2554
"Heydewindanlage",1,NULL
"Heywind",1,1601
"Heywind 2,5",1,1601
"Heywind 2,5",1,1604
"Heywind 2.5",1,1601
"Heywind 5 0 KS",1,1601
"Heywind 7.5",1,1601
"Hipar Ecorote 2.8",1,2554
"Hopeful Wind Energy Technology     Typ.: Airforce 4.1",1,2554
"Hummer 30",1,NULL
"Hummer 5 KW",1,1576
"INV500-90",1,2901
"InVentus 6NP",1,1605
"Inclin 1500 neo",1,2554
"Inventus 6",1,1605
"Inventus 6/19 S",1,1605
"JE 43/600",1,1645
"Jacobs 43/600",1,2885
"Jacobs 48/600",1,1645
"Jacobs 48/600",1,2885
"Jacobs 48/600",1,NULL
"Jacobs 48/750",1,2885
"Jacobs 600/43",1,2554
"Jacobs MD 70",1,1645
"Jacobs MD48/48/600",1,2885
"K-100-2.5",1,1610
"K82",1,1610
"KENERSYS K120",1,1610
"KW30",1,1615
"KWA 1KW",1,1574
"KWA1",1,2554
"KWABr1",1,2554
"KWEA 15000",1,1664
"KWEA FD6.0-5KW",1,2554
"Kano 30",1,1609
"Kenovent DS 700",1,2554
"KleinWindEnergieAnlage FD6.0-5KW",1,1623
"Kleinenergieanlage vor 202lt. Spezifikation",1,1675
"Kleinwindanlage 6 kW",1,1585
"Kleinwindanlage 6KW",1,1585
"Kleinwindanlage Antaris",1,1582
"Kleinwindenergieanlage Easy Wind 6 AC / DC",1,1585
"Kleinwindenergieanlage lt. Spezifikation",1,2554
"Kleinwindenergieanlage vor 2020 lt. Spezifikation",1,1634
"Kleinwindenergieanlage vor 2020 lt. Spezifikation",1,NULL
"Kleinwindkraftanlage",1,1574
"Kleinwindkraftanlage",1,1585
"Kleinwindkraftanlage Aircon 10 s",1,1615
"Kleinwindkraftanlage Easywind 6 AC",1,1585
"Krogmann 15/50",1,1613
"Krogmann 637",1,1613
"L 20",1,2554
"L-147 LP4",1,1614
"L147-3.4MW",1,1614
"LA 30",1,2554
"LA10",1,1615
"LA30",1,2554
"LM12.8",1,1627
"LS Doppelhelix 1.5",1,1619
"LW 10/35",1,1614
"LW 15",1,1614
"LW 15/45",1,1614
"LW 15/50",1,1614
"LW 15/55-36",1,1614
"LW 18 / 80",1,1614
"LW 18-80",1,1614
"LW 18/40",1,1614
"LW 18/80-40",1,1614
"LW 75-15",1,1614
"LW15/50",1,1614
"LW15/50-36",1,1614
"LW18/80/32",1,1614
"LW27-250",1,1614
"LW27/250",1,1614
"LW50/750",1,1614
"LWTB535",1,1655
"Lagerway 80",1,1614
"Lely Aircon 1",1,1615
"Lely Aircon 30",1,1615
"Lely Aircon LA10 Windkraftanlage",1,1615
"Libellis vertikales Windrad VS-400",1,2554
"M 1500 -600",1,1625
"M 1500 600/150kw",1,1625
"M 1500-500/125",1,1625
"M 1500-600",1,1625
"M 1800",1,1625
"M 1800-600",1,1625
"M 1800-600/150",1,1625
"M 1800-600/150 kW",1,1625
"M 700",1,1625
"M 750",1,1625
"M-750-250/50",1,1625
"M1100 600/150",1,2554
"M150-600/150",1,1625
"M1500 600-150 KW",1,1625
"M1500-125",1,1625
"M1500-500/125",1,1625
"M1500-500/125 KW",1,1625
"M1500-500/125kW",1,1625
"M1500-600/150kW",1,1625
"M1800 /750",1,1625
"M1800/48/600KW",1,1625
"M1800/600",1,1625
"M300",1,1625
"M400",1,1625
"M530-250",1,1625
"M570-200/40",1,1625
"M700 - 225/40 kW",1,1625
"M700-225-40",1,1625
"M700-225/40",1,1625
"M750-250",1,1625
"M750/50",1,2554
"MAKEMU DOMUS BASIC DM 2000",1,2554
"MD 1000",1,1593
"MD 70 70377",1,2888
"MD 70 70383",1,2888
"MD 77",1,1586
"MD-70",1,1652
"MD-77",1,1593
"MD-77",1,2888
"MD70",1,2885
"MD77",1,1633
"MD77 / 1.5 MW",1,2888
"MICON M 1500-500/125KW",1,1625
"MM 82",1,1586
"MM 82 Evolution",1,2888
"MM 82 NH100",1,2888
"MM 82-evolution",1,1645
"MM 92 Evolution",1,2888
"MM-82",1,1645
"MM-92",1,1645
"MM100",1,2888
"MM100 / 2000 kW / 50 Hz",1,1645
"MM70",1,2554
"MM82 2050",1,1645
"MM82 2050kW",1,1586
"MM82 2050kW",1,1645
"MM82 Evolution",1,1645
"MM82/59m NH - 2060 KW",1,1645
"MM82/82/2050",1,1645
"MM92",1,NULL
"MM92 Evo",1,1645
"MM92 Evo",1,2888
"MM92 NH80",1,2888
"MM92/100",1,1645
"MPX2",1,1634
"MXP",1,1634
"Micom A/S M750/250-50",1,1625
"Micon",1,1625
"Micon  M750   , Typ400/250",1,1625
"Micon 1000/60 KW",1,1625
"Micon 1500",1,1625
"Micon 1500/600",1,1625
"Micon 530",1,1625
"Micon A/S M 1800/600",1,1625
"Micon A/S M1500 - 500/125",1,1625
"Micon A/S M1800 - 600/150",1,1625
"Micon A/S M700/25",1,1625
"Micon A/S M750 - 250/50",1,1625
"Micon A/S M750/250-50",1,1625
"Micon M 1500-500/125",1,1625
"Micon M 1500-600",1,1586
"Micon M 1500-600",1,1625
"Micon M 1800",1,1625
"Micon M 530",1,1625
"Micon M 530-175",1,1625
"Micon M 700 - 225/40 KW",1,1625
"Micon M 700-225",1,1625
"Micon M 700-225",1,2554
"Micon M-1800",1,2554
"Micon M-750",1,1625
"Micon M1500-500",1,NULL
"Micon M1500-600",1,1625
"Micon M1500-600/150 kW",1,1660
"Micon M1500/600",1,1625
"Micon M530",1,1660
"Micon M530-175",1,1625
"Micon M530/250",1,1625
"Micon M700",1,1625
"Micon M750",1,1625
"Micon NM 1000",1,1625
"Micon NM43/43/600",1,1660
"Mikrowindkraftanlage",1,2902
"Mikrowindkraftsystem",1,2902
"Mm 92",1,1645
"Multibrid M5000",1,1572
"N 117/2400",1,1627
"N 1200",1,2554
"N 131 3,3 MW",1,1627
"N 131 NH 120",1,1627
"N 131/3300 PH 134",1,1627
"N 133, 4,8 MW",1,1627
"N 150",1,1627
"N 163 5.7 STE",1,1627
"N 29 / 250",1,1627
"N 29/250kW",1,1627
"N 3127",1,1652
"N 3127 / 50m",1,1627
"N 43 Mk3",1,1627
"N 50",1,1628
"N 60",1,1628
"N 62",1,1627
"N 62",1,1628
"N 80 G",1,1627
"N-117 Gamma",1,1628
"N-117-2400-141",1,1627
"N-131 3,6MW",1,1627
"N-131 3,9MW",1,1627
"N-131/3300",1,1627
"N-131/3301",1,1627
"N-131/3302",1,1627
"N-149",1,1627
"N-149",1,1628
"N-27",1,1628
"N-29",1,1627
"N-43",1,1627
"N-50",1,1627
"N-52",1,1627
"N-60/1300",1,1627
"N-62 1,3MW",1,1627
"N-82",1,1627
"N-90",1,1628
"N-90 OS",1,1627
"N100 / 3300",1,1628
"N100 2.5 MW",1,1628
"N100-2.500",1,1628
"N100-2500",1,1628
"N100/2500 Version gamma",1,1627
"N100/2500/PH 140m",1,1627
"N100/3300",1,1628
"N117 - 2,4 MW",1,1627
"N117 / 2400 K08 gamma",1,2891
"N117 / 3600 / TCS141",1,1628
"N117 2.400 kW",1,1627
"N117 3000",1,1627
"N117-3000",1,1628
"N117/2,4MW-91mNH",1,1627
"N117/240",1,1627
"N117/2400 R120",1,1627
"N117/2400, R120",1,1627
"N117/2400-SEG-SDL-N",1,1627
"N117/2400/PH 141",1,1628
"N117/2400/R91",1,1627
"N117/2400R91",1,1627
"N117/3,0MW auf 120 m NH",1,1627
"N117/3.6 TS120",1,1628
"N117/3600 (Nabenhöhe 141 m, Nennleistung 3600 kw )",1,1627
"N117/3600 IEC 2a TS91",1,1628
"N1200-36",1,1652
"N1230",1,2554
"N131 / 3000",1,1627
"N131 3,3 MW",1,1627
"N131-3,0 MW",1,1627
"N131-3.300",1,1627
"N131/3.300",1,1628
"N131/3.6/TS106",1,1627
"N131/3000 TS134",1,1627
"N131/3300/PH134",1,1627
"N131/3301",1,1627
"N131/3600 TS99",1,1627
"N131/3900",1,1627
"N133",1,1628
"N133/4800",1,1627
"N133/4800",1,1628
"N133/4800 TS 83 STE",1,1627
"N149-5.7",1,1627
"N149/4,5",1,1627
"N149/4.0-.4.5 NH 164",1,1627
"N149/4.0-4.5 Delta 4000",1,1627
"N149/4.0-4.5 TS125m",1,1627
"N149/4.5 TCS164",1,1627
"N149/4.5 TS 125",1,1627
"N149/4500",1,1627
"N149/5.7/TS125",1,1627
"N149/5.X STE",1,1627
"N149/5.X/TCS164",1,1628
"N149/5.x TS125",1,1628
"N150",1,2891
"N150/27",1,2888
"N163",1,1627
"N163/5.7/TS118",1,1627
"N163/5.X TS 118",1,1628
"N163/5.X/ TS118",1,1628
"N163/5.X/TS118",1,1628
"N27 - 250 kW",1,1627
"N27 150kW",1,1628
"N27/150",1,1627
"N27/250",1,2888
"N29-250",1,1628
"N29/250",1,2888
"N3127",1,1652
"N3127 40m",1,1652
"N3127 50m",1,1652
"N3127/40",1,1652
"N3127/40",1,2554
"N3127/50",1,1652
"N3127/50m",1,1652
"N3127/50m",1,2554
"N3335/40",1,1652
"N43 Mk3",1,1628
"N43-600kW",1,1627
"N43-MK2",1,1627
"N48/750",1,1625
"N52",1,1628
"N52/54",1,1627
"N54 MK3",1,1627
"N60",1,1625
"N60",1,1660
"N62 NC1",1,1627
"N62NC1",1,1627
"N77",1,1628
"N80 - 2500",1,1627
"N90 / 2500 LS",1,1628
"N90 2.5 MW - LS",1,1628
"NC2/N82",1,1627
"NEC MICON NM 600/48",1,1625
"NEC Micon NM 600/48",1,1625
"NEG 600 / 48",1,1625
"NEG MICON 1500 500",1,1625
"NEG MICON M1800-600",1,1660
"NEG MICON NM 600/48",1,1625
"NEG Micon 52/900",1,1625
"NEG Micon NM 43/500",1,1625
"NEG Micon NM 48 / 750",1,1625
"NEG Micon NM 750/48",1,1625
"NEG Micon NM750/48",1,1625
"NEG Micon NM82/1500",1,1660
"NEG-Micon M1800 600 – 150",1,1625
"NG",1,1594
"NG",1,2902
"NG 52/900",1,1625
"NGK 300",1,2891
"NM 100-60/80",1,1625
"NM 1000",1,1625
"NM 1000-60/80",1,1625
"NM 1500 / 82",1,1625
"NM 1500 C 72",1,1625
"NM 1500/C64",1,1625
"NM 1500c/64/68",1,1625
"NM 48/750",1,1625
"NM 48/750-200",1,1625
"NM 52",1,1625
"NM 52 900",1,1625
"NM 52 C / 900",1,1625
"NM 52/900/60",1,1625
"NM 60/ 1000",1,1625
"NM 60/000",1,1625
"NM 600/43",1,1625
"NM 70/1000",1,1625
"NM 72 C",1,1625
"NM 72C",1,1625
"NM 72C/1500/64",1,1625
"NM 72C1500",1,1625
"NM 750/48-50Hz",1,1625
"NM 82",1,NULL
"NM 82/1500",1,NULL
"NM 900",1,1625
"NM Micon M1500",1,1625
"NM/900-52",1,1625
"NM1000-250/60",1,1625
"NM150",1,NULL
"NM1500/64",1,1625
"NM48/48/750",1,1625
"NM52",1,1625
"NM52/900/60",1,1625
"NM600",1,1625
"NM600-48",1,1625
"NM64 c - 1500",1,1625
"NM72/1500",1,1625
"NM72c/1500",1,2554
"NM750",1,1625
"NM750/48",1,1625
"NM82 1.500kW",1,1660
"NORDEX N 100",1,1627
"NORDEX N117-3.0MW",1,1627
"NORDEX N133",1,1627
"NORDEX N27/150kW",1,1627
"NPS 100 C",1,2554
"NT 150",1,2891
"NTK 150",1,2891
"NTK 150/25",1,2891
"NTK 1500",1,1625
"NTK 1500/60",1,1660
"NTK 300",1,1625
"NTK 300",1,2554
"NTK 500/37",1,2554
"NTK 600",1,1625
"NTK 600 - 180",1,2891
"NTK 600/180 43",1,1625
"NTK 600/180 43",1,2891
"NTK 600/180/43",1,2891
"NTK 600/43",1,1625
"NTK150",1,2891
"NTK150XLR Nordtank",1,2891
"NTK500",1,1627
"NTK500",1,1654
"NTK500/41",1,1625
"NTK500/41",1,2891
"NTK600",1,2554
"NTK600",1,2891
"NTK600/43",1,1660
"NX 117-3.0",1,2891
"NX100/2500/PH 140m",1,1627
"NX100/3300",1,1627
"NX27",1,1628
"NedWind40",1,2554
"NeoVenti",1,2554
"Neoventi GD200-75",1,NULL
"Nord Tank 150 KW",1,NULL
"Nord Tank 150 kw",1,2891
"Nord Tank 300",1,NULL
"Nord Tank 65",1,NULL
"Nordex",1,2554
"Nordex 150",1,1627
"Nordex 150",1,1628
"Nordex 27-250 kW",1,1627
"Nordex 27/250",1,1628
"Nordex 55",1,1627
"Nordex N - 29",1,1627
"Nordex N 100",1,1627
"Nordex N 133/4.8",1,1627
"Nordex N 177/2400",1,1627
"Nordex N 27",1,1627
"Nordex N-149/5.X",1,1628
"Nordex N-50P",1,1627
"Nordex N-54",1,1627
"Nordex N-54 Mk3",1,1627
"Nordex N-62",1,1627
"Nordex N117 2400 kW PH 141",1,1627
"Nordex N117 2400 kW PH141",1,1627
"Nordex N117 K08 Gamma / 2.400 kW",1,1628
"Nordex N117-3,6MW",1,1627
"Nordex N117/116.8/3600",1,1627
"Nordex N117/2400-CVT-SDL-N",1,1627
"Nordex N117/3.0",1,1627
"Nordex N117/3000-WW-SDL-N",1,1628
"Nordex N117K08 Gamma",1,1628
"Nordex N117K08 Gamma -2400 kW",1,1628
"Nordex N131",1,1628
"Nordex N131 – 3.3MW / STE",1,1628
"Nordex N131/300",1,1627
"Nordex N131/3600 TS99",1,1627
"Nordex N149-4.5 MW",1,1628
"Nordex N149-4.5 MW STE",1,1628
"Nordex N149/149/5700",1,1627
"Nordex N149/4500",1,1627
"Nordex N149/5.X/TS125",1,1628
"Nordex N177 / 2400",1,1627
"Nordex N27 - 250 kW",1,1627
"Nordex N29",1,NULL
"Nordex N29 250 KW",1,1627
"Nordex N43 Mk2",1,1627
"Nordex N43 Mk3",1,1643
"Nordex N50",1,1627
"Nordex N52",1,1628
"Nordex N54 - Mk1",1,1628
"Nordex N54/1.0Mw/60m",1,1627
"Nordex N80",1,1627
"Nordex N90/90/2300",1,1627
"Nordex NC1 (Stall)",1,1627
"Nordex NX 100 / 2500 IEC3A",1,1627
"Nordtank NTK 150",1,2891
"Nordtank NTK 300/31",1,2554
"Nordtank NTK 500/41",1,1660
"Nordtank NTk 500/41",1,1666
"Norex N29",1,1628
"Nowa-Wind 12 AC",1,2900
"Osiris 1.6",1,1590
"Osirs 1,6 KW",1,2554
"PM CEW6",1,1585
"PM Synchron Generator",1,2554
"PMG",1,2554
"PSW EN-Drive 2000",1,2554
"PSWW-01",1,1634
"PW56",1,1633
"PW90",1,1633
"PWE 1577",1,1630
"PWE 650/75",1,2554
"PWE 650/S75",1,1631
"PWE 650S75",1,1630
"Phono W-5.0",1,2554
"Q82",1,1635
"Quingdao Techwell Power Co.Ltd - Modell TECH-3KW",1,2554
"R-40",1,1586
"REPower MD 77, 70505",1,2888
"REPower MD 77, 70506",1,2888
"REPower MD 77, 70513",1,2888
"REYMO DANmark 22-Schwachwind, 95 kW",1,2554
"REpower 3.2M",1,2888
"REpower 3.4 M",1,2888
"REpower 3.4M 104",1,2888
"REpower 3.4M-104",1,1645
"REpower 3.4M104",1,2554
"REpower 48/600",1,NULL
"REpower MD 70",1,2554
"REpower MD77",1,NULL
"REpower MM 82",1,2888
"REpower Systems MM82",1,1645
"RWT-5K67(DE),passiv-pitchgeregelt,getriebelos(PM)",1,1653
"RePower MD 70",1,2888
"RePower MD70",1,1645
"RePower MM82",1,1645
"Repower 3,4M104",1,1645
"Repower 3.2 M 114",1,2888
"Repower 3.2 M114",1,2888
"Repower 3.2M 114",1,1645
"Repower 3.2M 114",1,2888
"Repower 3.4 M",1,1645
"Repower 3.4M104",1,1633
"Repower 43/600",1,2888
"Repower MD 11077",1,1645
"Repower MD77  / 1,5MW",1,2554
"Repower MM 82 Evolution",1,1645
"Repower MM 92",1,1645
"Repower MM82",1,2888
"Repower RE 3,4XM",1,1645
"Repower3.2M114",1,2888
"Ropatec Big Star",1,1637
"Ropatec WindRotor WRE200",1,1637
"Rutland 913",1,2554
"S 70",1,1628
"S 70",1,2888
"S 77 G96",1,1652
"S ＆ W 15 kw",1,2554
"S+W 20KW",1,1639
"S+W 7,5",1,1639
"S.46/600",1,1652
"S46/600",1,1652
"S46044",1,1652
"S46045",1,1652
"S70",1,2554
"S70 R65",1,1627
"S70 R65",1,1652
"S77 / 1500 kW",1,1652
"S77- 1500KW-100m",1,1652
"S77/1500",1,1627
"S77R85",1,1652
"S88-2.1 MW",1,2554
"SB10",1,2554
"SDD 100",1,1641
"SE 3.2M-114",1,1645
"SE 3.7M 144 EBC",1,1645
"SE140",1,1645
"SE3,2-114",1,1645
"SE3.2-114",1,1645
"SEEWIND 20/110",1,1644
"SEN 3.2M114",1,1645
"SENVION 3.4M",1,1645
"SET-3.0-113",1,1646
"SG 490",1,2554
"SG 500",1,2554
"SG-5.0-132",1,1001679
"SMA Windy Boy 3800",1,2554
"SMAWindy Boy 1100LV",1,1647
"SN 31/270",1,1652
"SPE Smart!wind",1,1582
"SW 10",1,2554
"SW 3,5",1,2554
"SW 5",1,2554
"SW 5,5",1,1582
"SW3.4",1,2902
"SWP 600",1,1612
"SWT -2.3 - DD - 113",1,1646
"SWT 130-3,6",1,1646
"SWT 142 3,15",1,1646
"SWT 142-3,15MW",1,1646
"SWT 3,6 - 120",1,1646
"SWT 3,6-120",1,1646
"SWT 3.6 - 107",1,1646
"SWT 3.6- 120",1,1646
"SWT 3.6-120",1,1646
"SWT 3.6-130",1,1646
"SWT 6.0 - 154",1,1646
"SWT 7.0-154",1,1646
"SWT DD - 142",1,1646
"SWT-0,6-44 MK4",1,2889
"SWT-2.93-93",1,1646
"SWT-3,2-113",1,1646
"SWT-3.15.142/3.150kW",1,1646
"SWT-3.15.142/3.300kW",1,1646
"SWT-3.3-130",1,1646
"SWT-4.0-130",1,NULL
"SWT-DD130",1,1646
"SWT-dd",1,1646
"SWT_D",1,1646
"SWWR5",1,2554
"Schachner SW 1,5",1,2554
"Schachner SW5",1,2554
"Seewind 110",1,2554
"Seewind 20 / 110",1,1644
"Seewind 52",1,1644
"Seewind 52-750-74 VS",1,1644
"Seewind S 20 110",1,1644
"Seewind/ 20/110",1,1644
"Senvion 3,2MW114",1,1645
"Senvion 3.0",1,1645
"Senvion 3.0M/122/139 m",1,1645
"Senvion 3.2 M 114",1,1645
"Senvion 3.2M114",1,2888
"Senvion 3.2M114 VG",1,1645
"Senvion 3.4 M114",1,1645
"Senvion 3.4M122",1,1645
"Senvion 3.4M122NES",1,1645
"Senvion 3.4MW",1,1645
"Senvion 3.6M114",1,1645
"Senvion 4.2 M 118",1,1645
"Senvion MD 77-1500",1,1645
"Senvion MM 92",1,1645
"Senvion MM82/2000",1,1645
"Siemens SWT - 2.3DD",1,1646
"Siemens SWT 3,6 -107",1,1646
"Siemens SWT 3,6-120",1,1646
"Siemens SWT-130",1,1646
"Siemens Wind Power A/S 76",1,2554
"Sky Line SL - 30",1,1671
"Sky Wind NG",1,2554
"SkyLineSl-30",1,1671
"SkyStream 3:7",1,2554
"SkyWind NG",1,NULL
"SkyWind NG 1,0",1,2902
"SkyWind NG 1000 Watt",1,1594
"SkyWindNG",1,2554
"Skyline SL 30",1,2554
"Skyline SL-10",1,1671
"Skyline SL-30",1,1671
"Skywind NG",1,1594
"Skywind NG Turbine",1,1594
"Skywind SWNG1000",1,2554
"Smart Wind 5,5",1,1582
"Smart!wind SW-7.5 (mit Generator VK-250)",1,NULL
"Spin Wind X500",1,1611
"SpinWind X500",1,1611
"Spinwind",1,2554
"Spinwind X500",1,1611
"Step 15KWA",1,NULL
"Sternberg",1,1670
"SÜDWIND N 3127/50",1,1652
"SÜDWIND S-46/600 kW",1,1652
"SÜDWIND S-70",1,1652
"Südwind GmbH, S.31 / N3127",1,2554
"Südwind N1230",1,2554
"Südwind N1230/36m",1,1652
"Südwind N3127",1,1652
"Südwind S 46/600",1,1652
"Südwind S-70",1,1652
"Südwind S70",1,1628
"Südwind S77-2G111",1,1628
"Südwind Serie 3335/50-3",1,1652
"S＆W 15",1,2554
"S＆W 5,5 kW",1,1639
"S＆W 6.0",1,1639
"S＆W20.0",1,2554
"TN 535",1,2554
"TN535-0185",1,1655
"TW 1,5",1,1654
"TW 1,5s",1,2873
"TW 1,5sl",1,1654
"TW 1.5 sl",1,1597
"TW 1.5s",1,2884
"TW 1.5s bzw 1.5s",1,1654
"TW 60",1,1654
"TW 600",1,2554
"TW 600 a",1,1597
"TW 600E",1,1654
"TW 600a",1,1597
"TW-600 e",1,1597
"TW-80",1,1654
"TW1.5s",1,1654
"TW1.5sL",1,1654
"TW600",1,1597
"TW600",1,2554
"TW600E",1,1654
"TW600a",1,1586
"TYP EasyWind 6 AC",1,1585
"Tacke TW 60",1,1654
"Tacke TW 600-e",1,1597
"Tacke TW600",1,1654
"Tacke ZW 1,5s",1,2884
"Testturm I",1,1585
"Testturm II",1,1585
"Testturm III",1,1585
"Tesup Atlas2.0",1,2554
"Tozzi 10",1,1655
"Turbina TE 20",1,2554
"Turbina TE20",1,2554
"Tw 600 e",1,1654
"Tw500",1,1654
"Tw60",1,1654
"TwistAD-WW1",1,2554
"Typ 2000 M",1,1634
"Typ 2000.3/10-LXP",1,1634
"Typ 2000/10—M",1,1634
"Typ Aircon 10S",1,2554
"Typ E-40",1,1586
"Typ E-70 E4",1,1586
"Typ ENERCON E-115",1,1586
"Typ Enercon 40/6.44 kw",1,1586
"Typ Nordex N131 3.3",1,1628
"Typ Vensys 100",1,1657
"U 30",1,2554
"UGE-4kw",1,2554
"UNiwind 10KW",1,1656
"UW20",1,1656
"Uni Wind 10,0",1,1656
"Uni Wind 10-10",1,1656
"Uni Wind 20 10kW",1,1656
"Uni Wind UW30-350",1,2554
"UniWind 15",1,1656
"UniWind Invert 10",1,1656
"UniWind10",1,1656
"UniWind20",1,1656
"Uniwind30",1,1656
"Uw30",1,1656
"V 100-1.8 MW Grid Streamer",1,1660
"V 117 3,45 MW",1,1660
"V 117-3",1,1660
"V 117-3,45 MW",1,1660
"V 126 3,45 MW",1,1660
"V 126-3.6MW",1,1660
"V 136-4.0/4.2 MW",1,1660
"V 140",1,1660
"V 150 - 4.2 MW",1,1660
"V 150 5.6",1,1660
"V 150-5.6 MW STE",1,1660
"V 200",1,2874
"V 25",1,1660
"V 25-200",1,1660
"V 27/225",1,1660
"V 29",1,1660
"V 39/500H",1,1660
"V 42 H",1,1660
"V 47",1,2554
"V 47-660/200",1,1660
"V 52 - 850 kW",1,1660
"V 52 850 kW",1,1660
"V 52, 850 kW",1,1660
"V 52, 850kW",1,1660
"V 52/850",1,1660
"V 63",1,1660
"V 66",1,1660
"V 80 - 2.0MW / Moder 105.1 dB",1,1660
"V 80 2000kW",1,1660
"V 80, NH 100",1,1660
"V 80-2.0 MW / Mode 105.1 db",1,1660
"V 82 (alt: NM 82/1500)",1,1625
"V 82/1500",1,1625
"V 90  2MW",1,1660
"V 90 2-MW",1,1660
"V 90 2.0",1,1660
"V 90 2.0 MW",1,1660
"V 90-2.0",1,NULL
"V-112 3,3 MW",1,1660
"V-112 3.0 MW",1,1660
"V-112-3.0 MW",1,1660
"V-117",1,1660
"V-117 3.45",1,1660
"V-136 3.6",1,1660
"V-39/500",1,1660
"V-66 RCC",1,1660
"V-66 VCS",1,1660
"V-80-2.0",1,1660
"V-90 2.2 MW",1,1660
"V-90-2,0-105",1,1660
"V112 - 3.3/3.45 MW  BWC",1,1660
"V112 -3.0 MW",1,1660
"V112 -3MW",1,1660
"V112 3.0 Gridstreamer",1,1660
"V112 3.0 MW",1,1660
"V112 3.3MW",1,1660
"V112 3.3MW 50 Hz",1,1660
"V112-2500",1,1657
"V112-3,0 MW",1,1660
"V112-3,0 MW NH 140",1,1660
"V112-3,3",1,1660
"V112-3,45",1,1660
"V112-3,45MW",1,1660
"V112-3.0 MW (Nabenhöhe 140m)",1,1660
"V112-3.0MW MK1A",1,1660
"V112-3.0MW MK2C",1,1660
"V112-3.3 MW",1,2554
"V112-3.3/3.45MW BWC",1,1660
"V112-3.45MW",1,1660
"V112/3,45",1,1660
"V112/3.0/140",1,1660
"V117 - 3,45MW",1,1660
"V117 3,3",1,1660
"V117 3,45",1,1660
"V117 3,45 MW",1,1660
"V117-3,3 MW",1,1660
"V117-3,3MW",1,1660
"V117-3,45",1,1660
"V117-3,45 MW",1,1660
"V117-3,6MW",1,1660
"V117-3.3",1,1660
"V117-3.3 MW",1,1660
"V117-3.3/3,45 MW",1,1660
"V117-3.45MW",1,1660
"V120-3.0MW",1,1660
"V126 - 3,45",1,1660
"V126 -3,6MW",1,1660
"V126 3,3",1,1660
"V126 3.3 MW",1,1660
"V126 3.3MW",1,1660
"V126-3,3",1,1660
"V126-3,6 HTq",1,1660
"V126-3.0",1,1660
"V126-3.3-137",1,1660
"V126-3.3MW STE",1,1660
"V126-3.450",1,1660
"V126-3.6 MW HTq",1,1660
"V126/3.45",1,1660
"V136",1,1657
"V136 3,45MW NH132m",1,1660
"V136 3.45MW",1,1660
"V136 3.6",1,1660
"V136 4,2MW NH 112m",1,1660
"V136-3",1,1660
"V136-3,45MW, 166m Nabenhöhe",1,1660
"V136-3.45/3.6 MW",1,1660
"V136-3.45MW GS",1,1660
"V136-3.6MW",1,1660
"V136-4,2 MW",1,1660
"V136-4.0/4.2 MW STE",1,1660
"V15",1,1660
"V150",1,2554
"V150 4,2MW NH 125m",1,1660
"V150 4.2 MW",1,1660
"V150 4.2MW 166m",1,1660
"V150 5.6 MW",1,1660
"V150-4,0/4,2MW",1,1660
"V150-5,6 MW STE",1,1660
"V150-5.6MW NH 166",1,1660
"V150-5.6MW-169HH",1,1660
"V15ß-4,0/4,2MW",1,1660
"V162-5.6 MW (STE)",1,1660
"V162-5.6 MW NH 169 CHT",1,1660
"V162-6.0MW (STE)",1,1660
"V17",1,1660
"V17/75",1,1660
"V27 - 225",1,1660
"V29",1,1660
"V29/225",1,1660
"V30756",1,1660
"V30757",1,1660
"V30758",1,1660
"V30759",1,1660
"V30760",1,1660
"V30761",1,1660
"V30762",1,1660
"V30763",1,1660
"V30764",1,1660
"V30765",1,1660
"V39-500 kW",1,1660
"V39/500H",1,1660
"V39/500KW",1,1660
"V39/500kW",1,1660
"V44 600kW",1,1660
"V44 V27",1,1660
"V44-2213",1,1660
"V44H /600kW",1,1660
"V44H/600kW",1,1660
"V47",1,2554
"V47 - 660/200 KW",1,1660
"V47 - 660kW",1,1660
"V47 76m Nh",1,1660
"V47-660kw",1,1660
"V47-690-660",1,1660
"V47/65",1,1660
"V4x",1,1660
"V52 - 0,85 MW",1,1660
"V52 - 850",1,1660
"V52 - 850kW",1,1660
"V52 / 850 kW",1,1660
"V52 850kW",1,2554
"V52-800",1,1660
"V52-850",1,1660
"V52/850",1,2554
"V66 - 1,75 VCS",1,1660
"V66 - 1.750",1,1660
"V66 / 1650 KW",1,1660
"V66 1.75MW",1,1660
"V66-1,65 MW",1,1660
"V66-1,65 RCC",1,1660
"V66-1,75VCS",1,1660
"V66-1750 VCS",1,1660
"V66RCC",1,1660
"V8",1,1660
"V80",1,NULL
"V80 - 2.000",1,1660
"V80 / 2.000 kW",1,1660
"V80 2 MW MK3 VCS",1,1660
"V80 2 MW Mk3",1,1660
"V80 NH 100",1,1660
"V80 VCS 2000",1,1660
"V80, 2 MW",1,1660
"V80, 2MW",1,1660
"V80-2 MW",1,1660
"V80-2.0 MW OptiSpeed",1,1660
"V80-2000",1,1660
"V82",1,1657
"V82 (NM82)",1,1660
"V82/1500",1,1660
"V90",1,1659
"V90 - 3 MW",1,1660
"V90 2 MW MK3",1,1660
"V90 2,0MW",1,1660
"V90 2MW (MK8)",1,1660
"V90 M",1,1660
"V90 MK 4",1,1660
"V90 MK 8 GridStream",1,1660
"V90 MK2",1,1660
"V90 MK8 Gridstreamer",1,1660
"V90 Mk 5",1,1660
"V90 VCS 2.0MW",1,1660
"V90-2 MW",1,1660
"V90-2,0MW NH 105",1,1660
"V90-2.0 MW",1,NULL
"V90-2.0 MW GridStreamer Mk8",1,1660
"V90-2.0MW GridStreamer (Nabenhöhe 125 m)",1,1660
"V90-2.0MW Gridstreamer",1,1660
"V90-3.0 MW",1,1660
"V90-3MW",1,1660
"V90-VCS-2.0MW",1,1660
"V90.2000",1,1660
"V90/2 MW Gridstreamer",1,1660
"V90/2.0 MW",1,1660
"V90/3000",1,1660
"V902MW Mk3",1,1660
"V90M",1,1660
"VE 120",1,1657
"VE70",1,1657
"VE77",1,1657
"VEN-120",1,1657
"VENSYS 112",1,1657
"VENSYS 120",1,1657
"VENSYS 62",1,1657
"VERTIKON M",1,2554
"VESTAS Typ V 150-4,2 MW",1,1660
"VESTAS V 80",1,1660
"VESTAS V47",1,1660
"VESTAS V80-2,0 MW",1,1660
"VK 250",1,1590
"VK 250",1,1608
"VK 58",1,NULL
"VK-58",1,2554
"VS112/140 2,5MW",1,1657
"Vata H5",1,1671
"Vensy 82",1,1657
"Vensys 112 2,5",1,1657
"Vensys 62",1,1657
"Vensys V100",1,1657
"Vent-E-go4",1,1658
"Vertical Sky A32",1,2554
"Vertikalachsenrotor / KD-VK-36",1,1608
"Vertikon M",1,2554
"Vestas  V 47",1,1660
"Vestas - V90/2000",1,1660
"Vestas / V27-225kW",1,1660
"Vestas V 90 - 2,0 MW",1,1660
"Vestas V 90 NH 95m 2,00 MW",1,1660
"Vestas V 90-2MW",1,1660
"Vestas V-126, 3,45 MW",1,1660
"Vestas V-136, 3.45 MW",1,1660
"Vestas V-44",1,1660
"Vestas V-52",1,1660
"Vestas V-52-850 kW",1,1660
"Vestas V-80-2 MW",1,1660
"Vestas V112",1,2554
"Vestas V112 - 3,3 MW",1,1660
"Vestas V112 3.0MW",1,1660
"Vestas V112 3MW",1,1660
"Vestas V112-3.0 MW ( Nabenhöhe 140)",1,1660
"Vestas V112-3.3 MW MK2A",1,1660
"Vestas V117-3,3/3,45 MW 50/60 Hz BWC",1,1660
"Vestas V117-3.3/3.45 MW 50/60 Hz BWC",1,1660
"Vestas V126",1,2554
"Vestas V126 LTq/126/3450",1,1660
"Vestas V126, 3,3 MW",1,1660
"Vestas V136-3,45MW",1,1660
"Vestas V136-4,2MW",1,1660
"Vestas V136-4.2",1,2554
"Vestas V136-4.2MW",1,1660
"Vestas V136/136/3450",1,1660
"Vestas V150-5,6MW",1,1660
"Vestas V150-5.6 MW EnVentus",1,1660
"Vestas V27/ 225 Kwh",1,1660
"Vestas V29",1,1660
"Vestas V39 500kW",1,1660
"Vestas V39/500kW",1,1660
"Vestas V42",1,1660
"Vestas V47-660 KW",1,1660
"Vestas V52 (Leroy Somer FLSB 400 LKE)",1,1660
"Vestas V52 - 850kW",1,1660
"Vestas V66 VCS 1,75MW",1,1660
"Vestas V66 VCS 1.75MW gedrosselt 1,65MW",1,1660
"Vestas V80",1,2554
"Vestas V80 - 2MW",1,1660
"Vestas V80 2MW",1,1660
"Vestas V80 VCS 2000KW",1,1660
"Vestas V80 VCS-2000KW",1,1660
"Vestas V90 2.0 MW",1,1660
"Vestas V90, MK5",1,1660
"Vestas V90-2.0",1,1660
"W - 2700 , 150 kW",1,2892
"W 1,5s",1,1654
"W 2700",1,2892
"W-06704-003 WEA E101",1,1586
"W-2700",1,2892
"W-2700 150 kW",1,2892
"W-4100",1,1592
"W-4100/500",1,2892
"W-4100/500KW",1,2892
"W-4200 / 600 KW",1,2892
"W-4200/600 kW",1,2892
"W2700",1,2892
"W2700 - 150 kW",1,2892
"W2E-100/2.0",1,1610
"W2E-120/3.0",1,1610
"W2E-120/3.0",1,1611
"W2E-93 / 2.0",1,1593
"W4100",1,2892
"W4100/500",1,2892
"W4200 OSC",1,2554
"W66",1,1586
"W755/48",1,2896
"WB 1,7 N",1,2554
"WB 2,5",1,1582
"WB 2.5 N",1,1672
"WB 3.5",1,1582
"WB 3.5",1,1672
"WB 3800-11",1,1582
"WB 5,5",1,1672
"WB 5,5 N-5,1R",1,1582
"WB 5.5 LW",1,2554
"WB3.5",1,1672
"WB6.5N-5",1,1582
"WEA",1,1634
"WEA E-40/5.40",1,1586
"WEA E82",1,1586
"WEA10",1,1629
"WESpe 5.0",1,1665
"WG 1000",1,2554
"WHISPER 100",1,1649
"WICG 64",1,1620
"WInd World 750/52",1,1625
"WKA 20",1,2554
"WKA 20/110",1,1644
"WKA 50",1,2554
"WKA Aerocraft 120",1,2554
"WKA Heywind 5.0",1,1601
"WKV-600W",1,1667
"WRE.060",1,1637
"WSD 1000",1,1674
"WSD 1000",1,2554
"WSD 3000",1,1674
"WSD3000",1,1674
"WTT 2000",1,1675
"WTT2000",1,1675
"WW 2700",1,2554
"WW 4100/500 kW",1,1660
"WW 750",1,2892
"WW4100/500",1,2892
"WW4100/500 kW",1,1660
"WW52/750",1,2892
"WW750",1,2892
"WW750/52 TS",1,2892
"WWA Falcon 40",1,2554
"W_4100",1,2892
"W_500kW",1,1660
"Wagner60",1,2554
"Wespe 4.0",1,2554
"Wespe 6.0",1,2554
"Whisper 100",1,1649
"Whisper 100",1,2554
"Wind",1,1630
"Wind Pillar 2220 DA",1,1589
"Wind Spot",1,2554
"Wind Tree",1,2554
"Wind World 750/52",1,NULL
"Wind World W 2700/150",1,2554
"Wind World W-4100/500 kW mit 48 m-Turm",1,2892
"Wind World W2700/150",1,2554
"Wind of Change 1400",1,2554
"WindInvert",1,1649
"WindTec 10 kW/h",1,1671
"WindWorld WW4200",1,2554
"Windanlage",1,1586
"Windcarrier 10kW",1,2554
"Windkraftanlage Easy Wind 6 AC",1,1585
"Windkraftanlage Heywind 6.0",1,1601
"Windkraftanlage SG 500",1,2554
"Windkraftanlage Wind Onshore",1,1672
"Windmaster2",1,1572
"Windspinn",1,1611
"Windspot",1,2554
"Windspot 3,5",1,NULL
"Windspot 3,5 kW",1,NULL
"Windspot 3,5 kw",1,2876
"Windspot3,5",1,2876
"Windturbine",1,1670
"Windworld  W750/5200",1,2892
"Windworld 750",1,2892
"Windworld WW 4200",1,2554
"Windworld WW4200",1,2554
"Windy Boy 1200",1,1599
"Windy Boy 3600TL",1,2554
"XuF2",1,1615
"_E-82",1,1586
"antaris 5,5kw",1,1582
"astos 100",1,1593
"b.ventus 250",1,NULL
"black 600",1,2554
"braun 5,5",1,1582
"changetec CT 0600",1,2554
"d4",1,1584
"d4/600",1,1584
"e 405.40",1,2884
"e 82",1,1586
"e-101",1,1586
"e-40",1,1586
"e-53",1,1586
"e-58",1,1586
"e.n.o 92 -2.2",1,1587
"e.n.o. 92-2.2",1,1587
"e3-TS 6.4",1,2554
"e40",1,1586
"easywind 6ac",1,1585
"eno 100 - 2.2",1,1587
"eno 92 -2.2",1,1587
"eno 92-2.2",1,1587
"eno100",1,1587
"eno114 - 4,0 MW",1,1587
"eno92",1,1587
"ev2.3",1,1591
"falcon40",1,2554
"g",1,1597
"iWind-38S",1,2554
"in Klärung",1,1571
"inventus",1,1605
"k.A.",1,1601
"k2on",1,2554
"keine Vorhanden",1,2554
"kleinwindanlage, Black 600/48V",1,1661
"lw50",1,1614
"makemu",1,2554
"md77",1,2888
"micon M700-225/40",1,1660
"n100",1,1627
"n50",1,1627
"nicht bekannt",1,2554
"nordex n27",1,1627
"nordtank ntk 600-180/43/60",1,2891
"smartWind SW 7,5",1,1582
"tw 300",1,1654
"tw300",1,1654
"unbekannt",1,1571
"v-112 3:0mw",1,1660
"v-39",1,1660
"v126",1,1660
"v27",1,1660
"v39",1,1660
"v80",1,1660
"v90 2.0 Gridstreamer",1,1660
"vent-E-go4",1,1658
"vestas V44",1,1660
"w 4100",1,2892
"win-frapo 2,5",1,2554
"windrad",1,2554
"wipo1,5",1,2554
NULL,0,1577
NULL,0,1581
NULL,0,1582
NULL,0,1584
NULL,0,1585
NULL,0,1586
NULL,0,1593
NULL,0,1594
NULL,0,1597
NULL,0,1598
NULL,0,1625
NULL,0,1627
NULL,0,1634
NULL,0,1645
NULL,0,1646
NULL,0,1654
NULL,0,1660
NULL,0,1672
NULL,0,2554
NULL,0,NULL
